"name","actual_distance","number","percent"
"car",NA,312394,19.4648678556831
"car","-1",NA,NA
"car","0",1179783,73.5107594684319
"car","1",338841,21.1127463686482
"car","2",26660,1.66115026867517
"car","3",16877,1.05158413670033
"car","4",387,0.0241134716420589
"car","5",244,0.0152033257898252
"car","6",207,0.0128979034364501
"car","7",1095,0.0682280399174534
"car","8",33,0.00205618750436161
"car","9",85,0.00529624054153748
"car","10",46,0.00286620076365558
"car","11",65,0.00405006629646984
"car","12",229,0.0142686951060245
"car","13",195,0.0121501988894095
"car","14",311,0.0193780095108018
"car","15",365,0.0227426799724845
"car","16",566,0.0352667311354143
"car","17",1919,0.11957041881424
"car","18",5529,0.34450487004895
"car","19",4263,0.265622040336168
"car","20",13077,0.814811030137478
"car",">20",14134,0.880671338989303
"checkmate",NA,133196,17.1699866838372
"checkmate","-1",100,0.0128907675034064
"checkmate","0",546647,70.4669938343459
"checkmate","1",191924,24.7404766232377
"checkmate","2",15216,1.96145918331832
"checkmate","3",9145,1.17886068818651
"checkmate","4",451,0.0581373614403628
"checkmate","5",801,0.103255047702285
"checkmate","6",714,0.0920400799743216
"checkmate","7",494,0.0636803914668275
"checkmate","8",38,0.00489849165129443
"checkmate","9",140,0.0180470745047689
"checkmate","10",66,0.00850790655224822
"checkmate","11",229,0.0295198575828006
"checkmate","12",70,0.00902353725238447
"checkmate","13",27,0.00348050722591972
"checkmate","14",112,0.0144376596038152
"checkmate","15",85,0.0109571523778954
"checkmate","16",78,0.010054798652657
"checkmate","17",202,0.0260393503568809
"checkmate","18",115,0.0148243826289173
"checkmate","19",576,0.0742508208196208
"checkmate","20",525,0.0676765293928835
"checkmate",">20",7993,1.03035904654727
"colorspace",NA,110749,19.7148222979769
"colorspace","-1",47,0.00836663670105295
"colorspace","0",385801,68.6778043809134
"colorspace","1",137140,24.4127778123915
"colorspace","2",17714,3.15333196856281
"colorspace","3",6402,1.13964272681151
"colorspace","4",1796,0.319712330108321
"colorspace","5",439,0.0781479470587712
"colorspace","6",1327,0.236223976644623
"colorspace","7",116,0.020649571432386
"colorspace","8",427,0.0760117844968002
"colorspace","9",434,0.0772578793246166
"colorspace","10",469,0.0834883534636986
"colorspace","11",5357,0.953618570373205
"colorspace","12",2128,0.378812827656185
"colorspace","13",180,0.0320424384295645
"colorspace","14",786,0.139918647809098
"colorspace","15",102,0.0181573817767532
"colorspace","16",403,0.0717394593728583
"colorspace","17",15,0.00267020320246371
"colorspace","18",93,0.016555259855275
"colorspace","19",276,0.0491317389253322
"colorspace","20",30,0.00534040640492742
"colorspace",">20",272,0.0484196847380086
"curl",NA,1557,9.43236202823045
"curl","-1",NA,NA
"curl","0",11868,71.8967710668201
"curl","1",3457,20.9426303992246
"curl","2",380,2.30205367419882
"curl","3",168,1.01775004543527
"curl","4",58,0.351366087114557
"curl","5",50,0.302901799236687
"curl","6",167,1.01169200945054
"curl","7",156,0.945053613618465
"curl","8",26,0.157508935603077
"curl","9",63,0.381656267038226
"curl","10",41,0.248379475374084
"curl","11",6,0.0363482159084025
"curl","12",9,0.0545223238626037
"curl","13",18,0.109044647725207
"curl","14",17,0.102986611740474
"curl","15",1,0.00605803598473375
"curl","16",7,0.0424062518931362
"curl","17",NA,NA
"curl","18",NA,NA
"curl","19",2,0.0121160719694675
"curl","20",NA,NA
"curl",">20",12,0.072696431816805
"data",NA,13622,18.4637488648224
"data","-1",NA,NA
"data","0",53676,72.7543814467924
"data","1",16337,22.1437575396126
"data","2",1565,2.12125730241132
"data","3",1167,1.58179378397061
"data","4",114,0.154519701261911
"data","5",43,0.058283746967212
"data","6",76,0.103013134174607
"data","7",35,0.0474402591593586
"data","8",12,0.0162652317117801
"data","9",52,0.0704826707510471
"data","10",25,0.0338858993995419
"data","11",5,0.00677717987990837
"data","12",11,0.0149097957357984
"data","13",33,0.0447293872073953
"data","14",42,0.0569283109912303
"data","15",5,0.00677717987990837
"data","16",31,0.0420185152554319
"data","17",146,0.197893652493324
"data","18",34,0.0460848231833769
"data","19",4,0.0054217439039267
"data","20",57,0.0772598506309554
"data",">20",301,0.407986228770484
"DBI",NA,22442,21.661325817536
"DBI","-1",NA,NA
"DBI","0",74725,72.1255936064245
"DBI","1",22870,22.0744372804139
"DBI","2",2932,2.83000656345315
"DBI","3",1537,1.48353345430678
"DBI","4",288,0.277981545114088
"DBI","5",170,0.164086328713177
"DBI","6",141,0.136095131462106
"DBI","7",58,0.0559823945021428
"DBI","8",106,0.102312652021157
"DBI","9",161,0.155399405428362
"DBI","10",20,0.0193042739662561
"DBI","11",37,0.0357129068375738
"DBI","12",87,0.0839735917532142
"DBI","13",56,0.0540519671055172
"DBI","14",18,0.0173738465696305
"DBI","15",60,0.0579128218987684
"DBI","16",308,0.297285819080344
"DBI","17",4,0.00386085479325123
"DBI","18",4,0.00386085479325123
"DBI","19",4,0.00386085479325123
"DBI","20",NA,NA
"DBI",">20",14,0.0135129917763793
"digest",NA,3279,6.67032832906139
"digest","-1",NA,NA
"digest","0",35422,72.0574474144595
"digest","1",6986,14.2113186053135
"digest","2",1426,2.90085031937833
"digest","3",1068,2.17258635420481
"digest","4",411,0.836079580129379
"digest","5",321,0.652996460393018
"digest","6",639,1.29989015012816
"digest","7",585,1.19004027828634
"digest","8",155,0.315309817323732
"digest","9",167,0.339720899955246
"digest","10",11,0.0223768257455551
"digest","11",12,0.0244110826315147
"digest","12",8,0.0162740550876765
"digest","13",223,0.453639285568982
"digest","14",263,0.535009561007364
"digest","15",NA,NA
"digest","16",75,0.152569266446967
"digest","17",90,0.18308311973636
"digest","18",NA,NA
"digest","19",NA,NA
"digest","20",288,0.585865983156353
"digest",">20",1007,2.04849668416128
"dplyr",NA,63355,8.09383767099837
"dplyr","-1",96,0.0122643582419042
"dplyr","0",495146,63.256749229645
"dplyr","1",159620,20.3920506517995
"dplyr","2",79728,10.1855495199015
"dplyr","3",12581,1.60726969834789
"dplyr","4",1661,0.212198948331281
"dplyr","5",8366,1.06878771928928
"dplyr","6",13106,1.6743404074833
"dplyr","7",376,0.048035403114125
"dplyr","8",1151,0.147044545171164
"dplyr","9",2327,0.297282933634491
"dplyr","10",510,0.0651544031601163
"dplyr","11",204,0.0260617612640465
"dplyr","12",498,0.0636213583798783
"dplyr","13",363,0.0463746046022004
"dplyr","14",244,0.0311719105315066
"dplyr","15",390,0.049823955357736
"dplyr","16",281,0.0358987986039072
"dplyr","17",3187,0.407151142884884
"dplyr","18",292,0.0373040896524587
"dplyr","19",282,0.0360265523355937
"dplyr","20",366,0.0467578657972599
"dplyr",">20",1976,0.252441373812529
"foreach",NA,289266,47.8200709202271
"foreach","-1",41,0.00677792380621751
"foreach","0",398318,65.8480257230474
"foreach","1",96633,15.9749051503955
"foreach","2",57718,9.54166356700639
"foreach","3",20624,3.40946098974219
"foreach","4",477,0.0788553574528232
"foreach","5",199,0.0328977277423728
"foreach","6",8993,1.48667972656863
"foreach","7",2346,0.38782949388747
"foreach","8",89,0.0147130541159356
"foreach","9",53,0.00876170638364702
"foreach","10",14,0.0023144130070011
"foreach","11",33,0.00545540208793116
"foreach","12",77,0.012729271538506
"foreach","13",72,0.0119026954645771
"foreach","14",112,0.0185153040560088
"foreach","15",2109,0.348649787983237
"foreach","16",155,0.0256238582917979
"foreach","17",6093,1.00726560368984
"foreach","18",65,0.0107454889610765
"foreach","19",868,0.143493606434068
"foreach","20",86,0.0142171084715782
"foreach",">20",9728,1.60818640943619
"forecast",NA,91817,13.0847687574194
"forecast","-1",NA,NA
"forecast","0",460125,65.5720533725519
"forecast","1",162121,23.1037367341733
"forecast","2",48165,6.86395642638188
"forecast","3",15977,2.27686975655151
"forecast","4",350,0.0498782258742584
"forecast","5",1012,0.144219327384999
"forecast","6",870,0.123983018601728
"forecast","7",819,0.116715048545765
"forecast","8",780,0.111157189091204
"forecast","9",1295,0.184549435734756
"forecast","10",896,0.127688258238102
"forecast","11",470,0.0669793318882899
"forecast","12",250,0.0356273041958989
"forecast","13",58,0.00826553457344854
"forecast","14",1001,0.142651726000379
"forecast","15",1667,0.237562864378254
"forecast","16",1499,0.21362131595861
"forecast","17",1889,0.269199910504212
"forecast","18",1464,0.208633493371184
"forecast","19",596,0.0849354932030229
"forecast","20",87,0.0123983018601728
"forecast",">20",317,0.0451754217203998
"Formula",NA,2529,9.57193141819008
"Formula","-1",NA,NA
"Formula","0",17881,67.6772264486583
"Formula","1",4761,18.0197570114682
"Formula","2",2090,7.91037432345483
"Formula","3",681,2.57749517429318
"Formula","4",59,0.223307217743462
"Formula","5",16,0.0605578895575489
"Formula","6",621,2.35040308845237
"Formula","7",183,0.692630861814466
"Formula","8",28,0.105976306725711
"Formula","9",48,0.181673668672647
"Formula","10",10,0.0378486809734681
"Formula","11",13,0.0492032852655085
"Formula","12",9,0.0340638128761213
"Formula","13",7,0.0264940766814277
"Formula","14",7,0.0264940766814277
"Formula","15",NA,NA
"Formula","16",6,0.0227092085840808
"Formula",">20",0,0
"gdata",NA,2194,12.5658648339061
"gdata","-1",NA,NA
"gdata","0",12756,73.0584192439863
"gdata","1",3818,21.8671248568156
"gdata","2",275,1.57502863688431
"gdata","3",133,0.761741122565865
"gdata","4",52,0.297823596792669
"gdata","5",75,0.429553264604811
"gdata","6",123,0.70446735395189
"gdata","7",109,0.624284077892325
"gdata","8",8,0.0458190148911798
"gdata","9",26,0.148911798396334
"gdata","10",6,0.0343642611683849
"gdata","11",8,0.0458190148911798
"gdata","12",22,0.126002290950745
"gdata","13",15,0.0859106529209622
"gdata","14",4,0.0229095074455899
"gdata","15",6,0.0343642611683849
"gdata","16",6,0.0343642611683849
"gdata","17",2,0.011454753722795
"gdata","18",2,0.011454753722795
"gdata","19",3,0.0171821305841924
"gdata","20",3,0.0171821305841924
"gdata",">20",6,0.0343642611683849
"ggplot2",NA,18018,13.7837651756822
"ggplot2","-1",361,0.276164903342284
"ggplot2","0",95559,73.1026094140867
"ggplot2","1",27882,21.3297225345971
"ggplot2","2",2288,1.75031938738821
"ggplot2","3",1630,1.24694956356765
"ggplot2","4",821,0.628064780177327
"ggplot2","5",213,0.16294494296927
"ggplot2","6",457,0.349604877638293
"ggplot2","7",341,0.260864908697282
"ggplot2","8",29,0.0221849922352527
"ggplot2","9",253,0.193544932259274
"ggplot2","10",331,0.253214911374781
"ggplot2","11",167,0.127754955285766
"ggplot2","12",60,0.0458999839350056
"ggplot2","13",21,0.016064994377252
"ggplot2","14",90,0.0688499759025084
"ggplot2","15",71,0.0543149809897567
"ggplot2","16",46,0.0351899876835043
"ggplot2","17",16,0.0122399957160015
"ggplot2","18",23,0.0175949938417522
"ggplot2","19",8,0.00611999785800075
"ggplot2","20",20,0.0152999946450019
"ggplot2",">20",30,0.0229499919675028
"gridExtra",NA,485935,32.5086232964139
"gridExtra","-1",1438,0.0962009328413126
"gridExtra","0",1021645,68.3471502313372
"gridExtra","1",311105,20.8126503557695
"gridExtra","2",67004,4.4825085563973
"gridExtra","3",23843,1.59507568966302
"gridExtra","4",13475,0.901465625894776
"gridExtra","5",5406,0.361656636258787
"gridExtra","6",13779,0.921802958011437
"gridExtra","7",1890,0.126439334541085
"gridExtra","8",2125,0.142160627460215
"gridExtra","9",2179,0.145773179875675
"gridExtra","10",1006,0.0673005135176359
"gridExtra","11",3721,0.248931621072687
"gridExtra","12",2722,0.182099401386685
"gridExtra","13",3375,0.225784525966224
"gridExtra","14",1682,0.112524317829686
"gridExtra","15",1528,0.102221853533745
"gridExtra","16",2266,0.151593403211693
"gridExtra","17",1149,0.0768670875067234
"gridExtra","18",3355,0.224446543590128
"gridExtra","19",165,0.0110383546027932
"gridExtra","20",1343,0.0898455165548559
"gridExtra",">20",8584,0.574262035820464
"highr",NA,1290,15.9673226884515
"highr","-1",NA,NA
"highr","0",6247,77.3239262284936
"highr","1",1446,17.8982547344968
"highr","2",191,2.3641539794529
"highr","3",41,0.507488550563189
"highr","4",19,0.235177620992697
"highr","5",7,0.08664438668152
"highr","6",60,0.742666171555886
"highr","7",8,0.0990221562074514
"highr","8",22,0.272310929570491
"highr","9",16,0.198044312414903
"highr","10",2,0.0247555390518629
"highr","11",6,0.0742666171555886
"highr","12",4,0.0495110781037257
"highr","13",4,0.0495110781037257
"highr","14",2,0.0247555390518629
"highr","15",NA,NA
"highr","16",2,0.0247555390518629
"highr",">20",0,0
"htmlwidgets",NA,2959,11.4084126922929
"htmlwidgets","-1",NA,NA
"htmlwidgets","0",18741,72.2558507151945
"htmlwidgets","1",5970,23.0173111770829
"htmlwidgets","2",380,1.46508848363342
"htmlwidgets","3",135,0.52049196129082
"htmlwidgets","4",89,0.343139144850985
"htmlwidgets","5",65,0.250607240621506
"htmlwidgets","6",69,0.266029224659752
"htmlwidgets","7",54,0.208196784516328
"htmlwidgets","8",2,0.00771099201912326
"htmlwidgets","9",NA,NA
"htmlwidgets","10",15,0.0578324401434245
"htmlwidgets","11",17,0.0655434321625477
"htmlwidgets","12",34,0.131086864325095
"htmlwidgets","13",64,0.246751744611944
"htmlwidgets","14",53,0.204341288506766
"htmlwidgets","15",17,0.0655434321625477
"htmlwidgets","16",36,0.138797856344219
"htmlwidgets","17",33,0.127231368315534
"htmlwidgets","18",50,0.192774800478082
"htmlwidgets","19",6,0.0231329760573698
"htmlwidgets","20",19,0.073254424181671
"htmlwidgets",">20",85,0.327717160812739
"iterators",NA,833,16.0315627405697
"iterators","-1",4,0.0769822940723634
"iterators","0",3644,70.130869899923
"iterators","1",1261,24.2686682063125
"iterators","2",179,3.44495765973826
"iterators","3",43,0.827559661277906
"iterators","4",12,0.23094688221709
"iterators","5",5,0.0962278675904542
"iterators","6",7,0.134719014626636
"iterators","7",3,0.0577367205542725
"iterators","8",2,0.0384911470361817
"iterators","9",14,0.269438029253272
"iterators","10",2,0.0384911470361817
"iterators","11",6,0.115473441108545
"iterators","12",4,0.0769822940723634
"iterators","13",4,0.0769822940723634
"iterators","14",2,0.0384911470361817
"iterators","15",NA,NA
"iterators","16",2,0.0384911470361817
"iterators",">20",0,0
"jsonlite",NA,3047,10.8782577650839
"jsonlite","-1",NA,NA
"jsonlite","0",19944,71.2031417350946
"jsonlite","1",6850,24.4555515887183
"jsonlite","2",388,1.38521956444127
"jsonlite","3",137,0.489111031774366
"jsonlite","4",106,0.378436272759729
"jsonlite","5",88,0.314173509460907
"jsonlite","6",102,0.364155658693324
"jsonlite","7",66,0.23563013209568
"jsonlite","8",49,0.174937522313459
"jsonlite","9",104,0.371295965726526
"jsonlite","10",59,0.210639057479472
"jsonlite","11",13,0.0464119957158158
"jsonlite","12",18,0.0642627632988218
"jsonlite","13",24,0.0856836843984291
"jsonlite","14",28,0.099964298464834
"jsonlite","15",3,0.0107104605498036
"jsonlite","16",11,0.0392716886826134
"jsonlite","17",2,0.00714030703320243
"jsonlite","18",NA,NA
"jsonlite","19",4,0.0142806140664049
"jsonlite","20",NA,NA
"jsonlite",">20",9,0.0321313816494109
"knitr",NA,4202,17.2658914410157
"knitr","-1",NA,NA
"knitr","0",17422,71.5864732711509
"knitr","1",6091,25.0277355466984
"knitr","2",302,1.24090890413773
"knitr","3",133,0.546492994206352
"knitr","4",52,0.21366643382504
"knitr","5",36,0.147922915725028
"knitr","6",55,0.225993343468792
"knitr","7",46,0.189012614537535
"knitr","8",54,0.221884373587542
"knitr","9",25,0.102724247031269
"knitr","10",44,0.180794674775034
"knitr","11",9,0.0369807289312569
"knitr","12",16,0.0657435181000123
"knitr","13",5,0.0205448494062539
"knitr","14",6,0.0246538192875046
"knitr","15",2,0.00821793976250154
"knitr","16",2,0.00821793976250154
"knitr","17",10,0.0410896988125077
"knitr","18",10,0.0410896988125077
"knitr","19",4,0.0164358795250031
"knitr","20",NA,NA
"knitr",">20",10,0.0410896988125077
"lazyeval",NA,4048,25.7309941520468
"lazyeval","-1",2,0.0127129417747267
"lazyeval","0",11616,73.8367658276125
"lazyeval","1",3408,21.6628527841342
"lazyeval","2",265,1.68446478515128
"lazyeval","3",65,0.413170607678617
"lazyeval","4",57,0.36231884057971
"lazyeval","5",33,0.20976353928299
"lazyeval","6",48,0.30511060259344
"lazyeval","7",44,0.279684719043987
"lazyeval","8",53,0.336892957030257
"lazyeval","9",49,0.311467073480803
"lazyeval","10",45,0.28604118993135
"lazyeval","11",6,0.03813882532418
"lazyeval","12",9,0.05720823798627
"lazyeval","13",6,0.03813882532418
"lazyeval","14",2,0.0127129417747267
"lazyeval","15",1,0.00635647088736334
"lazyeval","16",7,0.0444952962115433
"lazyeval","17",NA,NA
"lazyeval","18",NA,NA
"lazyeval","19",2,0.0127129417747267
"lazyeval","20",NA,NA
"lazyeval",">20",12,0.07627765064836
"lubridate",NA,46244,25.2248714046485
"lubridate","-1",NA,NA
"lubridate","0",131869,71.9310303446846
"lubridate","1",39781,21.6994768910199
"lubridate","2",5628,3.06992423374626
"lubridate","3",3358,1.83169964053304
"lubridate","4",626,0.341466341564527
"lubridate","5",194,0.105821837481658
"lubridate","6",148,0.0807300615839456
"lubridate","7",49,0.026728196064955
"lubridate","8",141,0.0769117478603806
"lubridate","9",136,0.0741843809149771
"lubridate","10",80,0.0436378711264571
"lubridate","11",187,0.102003523758093
"lubridate","12",164,0.089457635809237
"lubridate","13",82,0.0447288179046185
"lubridate","14",172,0.0938214229218828
"lubridate","15",304,0.165823910280537
"lubridate","16",310,0.169096750615021
"lubridate","17",6,0.00327284033448428
"lubridate","18",12,0.00654568066896856
"lubridate","19",4,0.00218189355632285
"lubridate","20",8,0.00436378711264571
"lubridate",">20",67,0.0365467170684078
"magrittr",NA,4024,20.9714404836356
"magrittr","-1",NA,NA
"magrittr","0",13719,71.4978111319575
"magrittr","1",4544,23.6814675839066
"magrittr","2",278,1.4488221805295
"magrittr","3",184,0.958932666249739
"magrittr","4",46,0.239733166562435
"magrittr","5",56,0.291849072336877
"magrittr","6",31,0.161559307900771
"magrittr","7",26,0.13550135501355
"magrittr","8",24,0.125078173858662
"magrittr","9",31,0.161559307900771
"magrittr","10",11,0.0573274963518866
"magrittr","11",34,0.177194079633104
"magrittr","12",13,0.0677506775067751
"magrittr","13",5,0.0260579528872212
"magrittr","14",12,0.0625390869293308
"magrittr","15",14,0.0729622680842193
"magrittr","16",7,0.0364811340421097
"magrittr","17",33,0.17198248905566
"magrittr","18",28,0.145924536168439
"magrittr","19",6,0.0312695434646654
"magrittr","20",41,0.213675213675214
"magrittr",">20",44,0.229309985407546
"markdown",NA,2163,16.4474184472664
"markdown","-1",NA,NA
"markdown","0",9853,74.9220591589993
"markdown","1",2778,21.1238689073074
"markdown","2",206,1.56642080450156
"markdown","3",47,0.357387270929967
"markdown","4",34,0.258535472587636
"markdown","5",32,0.243327503611893
"markdown","6",42,0.319367348490609
"markdown","7",27,0.205307581172534
"markdown","8",12,0.0912478138544597
"markdown","9",48,0.364991255417839
"markdown","10",13,0.0988517983423314
"markdown","11",12,0.0912478138544597
"markdown","12",13,0.0988517983423314
"markdown","13",9,0.0684358603908448
"markdown","14",6,0.0456239069272299
"markdown","15",NA,NA
"markdown","16",5,0.0380199224393582
"markdown","17",NA,NA
"markdown","18",NA,NA
"markdown","19",4,0.0304159379514866
"markdown","20",NA,NA
"markdown",">20",8,0.0608318759029732
"mvtnorm",NA,9527,19.6226648266771
"mvtnorm","-1",NA,NA
"mvtnorm","0",35001,72.0912030648184
"mvtnorm","1",10395,21.4104755823773
"mvtnorm","2",990,2.03909291260736
"mvtnorm","3",523,1.07721777100369
"mvtnorm","4",237,0.488146485139338
"mvtnorm","5",9,0.0185372082964306
"mvtnorm","6",71,0.14623797656073
"mvtnorm","7",77,0.158596115425017
"mvtnorm","8",79,0.162715495046446
"mvtnorm","9",172,0.354266647442895
"mvtnorm","10",57,0.117402319210727
"mvtnorm","11",251,0.516982142489341
"mvtnorm","12",136,0.280117814257173
"mvtnorm","13",102,0.21008836069288
"mvtnorm","14",100,0.205968981071451
"mvtnorm","15",NA,NA
"mvtnorm","16",17,0.0350147267821466
"mvtnorm","17",NA,NA
"mvtnorm","18",74,0.152417045992873
"mvtnorm","19",75,0.154476735803588
"mvtnorm","20",56,0.115342629400012
"mvtnorm",">20",128,0.263640295771457
"nloptr",NA,2616,16.7767588020265
"nloptr","-1",NA,NA
"nloptr","0",11911,76.3868402488296
"nloptr","1",3145,20.1693067402039
"nloptr","2",297,1.9047008272943
"nloptr","3",46,0.295004168537164
"nloptr","4",8,0.051305072789072
"nloptr","5",74,0.474571923298916
"nloptr","6",49,0.314243570833066
"nloptr","7",6,0.038478804591804
"nloptr","8",12,0.076957609183608
"nloptr","9",28,0.179567754761752
"nloptr","10",4,0.025652536394536
"nloptr","11",2,0.012826268197268
"nloptr","12",4,0.025652536394536
"nloptr","13",4,0.025652536394536
"nloptr","14",NA,NA
"nloptr","15",NA,NA
"nloptr","16",2,0.012826268197268
"nloptr",">20",0,0
"quantreg",NA,141114,18.1403546209608
"quantreg","-1",NA,NA
"quantreg","0",550048,70.7092547766361
"quantreg","1",196767,25.2946068972787
"quantreg","2",10947,1.40724848020506
"quantreg","3",8122,1.04409172889609
"quantreg","4",285,0.0366370527869228
"quantreg","5",466,0.059904795083179
"quantreg","6",308,0.0395937272223586
"quantreg","7",212,0.0272528252309741
"quantreg","8",303,0.0389509719103074
"quantreg","9",106,0.0136264126154871
"quantreg","10",604,0.0776448416957942
"quantreg","11",471,0.0605475503952302
"quantreg","12",59,0.00758451268220506
"quantreg","13",609,0.0782875970078455
"quantreg","14",5295,0.680677875462302
"quantreg","15",543,0.0698032268887686
"quantreg","16",1920,0.24681803982769
"quantreg","17",441,0.0566910185229226
"quantreg","18",315,0.0404935846592304
"quantreg","19",15,0.00192826593615383
"quantreg","20",24,0.00308522549784613
"quantreg",">20",40,0.00514204249641021
"R6",NA,215232,21.9861177083493
"R6","-1",187,0.0191021967526266
"R6","0",696814,71.1800969410947
"R6","1",225873,23.0731042091231
"R6","2",18638,1.9038863266067
"R6","3",15912,1.6254232873144
"R6","4",3935,0.401963338083345
"R6","5",1429,0.145973471441194
"R6","6",710,0.0725270571891169
"R6","7",773,0.0789625566298413
"R6","8",2795,0.285511443441664
"R6","9",192,0.0196129506764936
"R6","10",77,0.00786561042755211
"R6","11",239,0.0244140375608436
"R6","12",107,0.0109301339707542
"R6","13",205,0.0209409108785478
"R6","14",237,0.0242097359912968
"R6","15",232,0.0236989820674297
"R6","16",88,0.00898926906005955
"R6","17",896,0.09152710315697
"R6","18",1040,0.10623681616434
"R6","19",524,0.0535270112212637
"R6","20",377,0.0385108458595733
"R6",">20",7661,0.782577162149048
"RcppArmadillo",NA,219151,19.348570207664
"RcppArmadillo","-1",74,0.00653336829568259
"RcppArmadillo","0",774947,68.4191102788424
"RcppArmadillo","1",250376,22.1053867621598
"RcppArmadillo","2",31513,2.78224371759251
"RcppArmadillo","3",15020,1.32609718650206
"RcppArmadillo","4",3109,0.274489757179421
"RcppArmadillo","5",3551,0.313513389432012
"RcppArmadillo","6",1979,0.174723457529133
"RcppArmadillo","7",648,0.0572111169675989
"RcppArmadillo","8",483,0.0426434714434418
"RcppArmadillo","9",153,0.0135081803951275
"RcppArmadillo","10",35,0.00309010662633636
"RcppArmadillo","11",68,0.00600363573116779
"RcppArmadillo","12",11,0.000971176368277142
"RcppArmadillo","13",20,0.00176577521504935
"RcppArmadillo","14",52,0.00459101555912831
"RcppArmadillo","15",91,0.00803427722847454
"RcppArmadillo","16",12,0.00105946512902961
"RcppArmadillo","17",28,0.00247208530106909
"RcppArmadillo","18",228,0.0201298374515626
"RcppArmadillo","19",406,0.0358452368655018
"RcppArmadillo","20",1820,0.160685544569491
"RcppArmadillo",">20",48021,4.23971458009424
"RcppEigen",NA,17,24.6376811594203
"RcppEigen","-1",NA,NA
"RcppEigen","0",56,81.1594202898551
"RcppEigen","1",11,15.9420289855072
"RcppEigen","2",1,1.44927536231884
"RcppEigen",">20",0,0
"Rcpp",NA,16063,14.9527577379567
"Rcpp","-1",NA,NA
"Rcpp","0",76993,71.6713986502211
"Rcpp","1",22954,21.3674656737259
"Rcpp","2",3487,3.24598557132883
"Rcpp","3",1811,1.68582732138701
"Rcpp","4",376,0.350011636025134
"Rcpp","5",138,0.12846171747731
"Rcpp","6",249,0.231789620665581
"Rcpp","7",50,0.0465441005352572
"Rcpp","8",19,0.0176867582033977
"Rcpp","9",21,0.019548522224808
"Rcpp","10",59,0.0549220386316034
"Rcpp","11",34,0.0316499883639749
"Rcpp","12",52,0.0484058645566674
"Rcpp","13",63,0.058645566674424
"Rcpp","14",63,0.058645566674424
"Rcpp","15",293,0.272748429136607
"Rcpp","16",257,0.239236676751222
"Rcpp","17",81,0.0754014428671166
"Rcpp","18",55,0.0511985105887829
"Rcpp","19",7,0.006516174074936
"Rcpp","20",57,0.0530602746101932
"Rcpp",">20",297,0.276471957179428
"readr",NA,4914,8.18863522746209
"readr","-1",NA,NA
"readr","0",41303,68.8268621896351
"readr","1",12650,21.079820029995
"readr","2",2950,4.91584735877354
"readr","3",1011,1.68471921346442
"readr","4",186,0.30994834194301
"readr","5",185,0.308281953007832
"readr","6",589,0.98150308281953
"readr","7",223,0.371604732544576
"readr","8",144,0.239960006665556
"readr","9",143,0.238293617730378
"readr","10",43,0.0716547242126312
"readr","11",42,0.0699883352774538
"readr","12",19,0.0316613897683719
"readr","13",50,0.0833194467588735
"readr","14",54,0.0899850024995834
"readr","15",59,0.0983169471754708
"readr","16",27,0.0449925012497917
"readr","17",38,0.0633227795367439
"readr","18",61,0.101649725045826
"readr","19",12,0.0199966672221296
"readr","20",10,0.0166638893517747
"readr",">20",209,0.348275287452091
"readxl",NA,10429,9.22063569249812
"readxl","-1",NA,NA
"readxl","0",80845,71.4778303346448
"readxl","1",20696,18.2980416427214
"readxl","2",6470,5.72034834887936
"readxl","3",1748,1.54546660183016
"readxl","4",175,0.15472348702533
"readxl","5",438,0.387250784669113
"readxl","6",1048,0.926572653728836
"readxl","7",137,0.121126386985544
"readxl","8",130,0.114937447504531
"readxl","9",242,0.213960479200743
"readxl","10",42,0.0371336368860793
"readxl","11",56,0.0495115158481057
"readxl","12",107,0.0946023606383449
"readxl","13",10,0.00884134211573317
"readxl","14",21,0.0185668184430397
"readxl","15",3,0.00265240263471995
"readxl","16",118,0.104327836965651
"readxl","17",78,0.0689624685027187
"readxl","18",96,0.0848768843110384
"readxl","19",26,0.0229874895009062
"readxl","20",43,0.0380177710976526
"readxl",">20",574,0.507493037443084
"rlang",NA,950,16.2337662337662
"rlang","-1",NA,NA
"rlang","0",4391,75.0341763499658
"rlang","1",1121,19.1558441558442
"rlang","2",108,1.84552289815448
"rlang","3",27,0.461380724538619
"rlang","4",33,0.56390977443609
"rlang","5",45,0.768967874231032
"rlang","6",23,0.393028024606972
"rlang","7",22,0.37593984962406
"rlang","8",14,0.239234449760766
"rlang","9",16,0.273410799726589
"rlang","10",10,0.170881749829118
"rlang","11",8,0.136705399863295
"rlang","12",9,0.153793574846206
"rlang","13",2,0.0341763499658237
"rlang","14",2,0.0341763499658237
"rlang","15",1,0.0170881749829118
"rlang","16",5,0.0854408749145591
"rlang","17",NA,NA
"rlang","18",NA,NA
"rlang","19",2,0.0341763499658237
"rlang","20",NA,NA
"rlang",">20",12,0.205058099794942
"rprojroot",NA,379,11.0753945061368
"rprojroot","-1",NA,NA
"rprojroot","0",2564,74.926943308007
"rprojroot","1",646,18.8778492109877
"rprojroot","2",78,2.27936879018118
"rprojroot","3",22,0.642898889538282
"rprojroot","4",13,0.37989479836353
"rprojroot","5",1,0.0292226767971946
"rprojroot","6",12,0.350672121566335
"rprojroot","7",3,0.0876680303915839
"rprojroot","8",5,0.146113383985973
"rprojroot","9",13,0.37989479836353
"rprojroot","10",2,0.0584453535943892
"rprojroot","11",10,0.292226767971946
"rprojroot","12",17,0.496785505552309
"rprojroot","13",2,0.0584453535943892
"rprojroot","14",6,0.175336060783168
"rprojroot","15",13,0.37989479836353
"rprojroot","16",4,0.116890707188778
"rprojroot","17",NA,NA
"rprojroot","18",6,0.175336060783168
"rprojroot","19",2,0.0584453535943892
"rprojroot","20",NA,NA
"rprojroot",">20",2,0.0584453535943892
"RSQLite",NA,29869,20.9248724990192
"RSQLite","-1",NA,NA
"RSQLite","0",104235,73.0223336882811
"RSQLite","1",31406,22.0016252872275
"RSQLite","2",3042,2.13108782155467
"RSQLite","3",1826,1.27921313680435
"RSQLite","4",309,0.216471445384745
"RSQLite","5",152,0.10648433559379
"RSQLite","6",218,0.152720954996357
"RSQLite","7",67,0.0469371742419997
"RSQLite","8",98,0.0686543742644174
"RSQLite","9",92,0.0644510452278204
"RSQLite","10",22,0.0154122064675223
"RSQLite","11",50,0.0350277419716415
"RSQLite","12",91,0.0637504903883876
"RSQLite","13",247,0.173037045339909
"RSQLite","14",92,0.0644510452278204
"RSQLite","15",73,0.0511405032785966
"RSQLite","16",297,0.208064787311551
"RSQLite","17",109,0.0763604774981786
"RSQLite","18",42,0.0294233032561789
"RSQLite","19",5,0.00350277419716415
"RSQLite","20",158,0.110687664630387
"RSQLite",">20",112,0.0784621420164771
"SparseM",NA,13950,18.6308029275068
"SparseM","-1",NA,NA
"SparseM","0",52005,69.4548319888883
"SparseM","1",19609,26.1886318713606
"SparseM","2",1494,1.9952988941717
"SparseM","3",742,0.990971739943373
"SparseM","4",173,0.231048667129654
"SparseM","5",214,0.285805865697954
"SparseM","6",130,0.173620385704365
"SparseM","7",24,0.0320529942838827
"SparseM","8",134,0.178962551418345
"SparseM","9",67,0.0894812757091725
"SparseM","10",35,0.0467439499973289
"SparseM","11",25,0.0333885357123778
"SparseM","12",80,0.106843314279609
"SparseM","13",70,0.0934878999946578
"SparseM","14",51,0.0681126128532507
"SparseM","15",1,0.00133554142849511
"SparseM","16",2,0.00267108285699022
"SparseM","17",NA,NA
"SparseM","18",10,0.0133554142849511
"SparseM","19",4,0.00534216571398045
"SparseM","20",NA,NA
"SparseM",">20",5,0.00667770714247556
"sp",NA,681888,20.0715748648478
"sp","-1",NA,NA
"sp","0",2341998,68.9374034890245
"sp","1",653231,19.2280475980504
"sp","2",172922,5.09001019049935
"sp","3",86679,2.55142198969647
"sp","4",22456,0.660998998611243
"sp","5",6566,0.193272151090195
"sp","6",36195,1.06541052523753
"sp","7",16380,0.482150142378525
"sp","8",1490,0.0438585904849818
"sp","9",914,0.0269038602035392
"sp","10",2619,0.0770910392484345
"sp","11",631,0.0185736715409554
"sp","12",13526,0.398141808657627
"sp","13",19843,0.584084571136573
"sp","14",6710,0.197510833660556
"sp","15",543,0.015983365525735
"sp","16",819,0.0241075071189262
"sp","17",8397,0.247168177384156
"sp","18",358,0.0105378358346466
"sp","19",803,0.0236365423888862
"sp","20",763,0.022459130563786
"sp",">20",3436,0.101139675776106
"stringr",NA,1074,12.7553444180523
"stringr","-1",NA,NA
"stringr","0",6072,72.1140142517815
"stringr","1",2036,24.1805225653207
"stringr","2",109,1.29453681710214
"stringr","3",32,0.380047505938242
"stringr","4",32,0.380047505938242
"stringr","5",41,0.486935866983373
"stringr","6",21,0.249406175771971
"stringr","7",22,0.261282660332542
"stringr","8",8,0.0950118764845606
"stringr","9",8,0.0950118764845606
"stringr","10",10,0.118764845605701
"stringr","11",NA,NA
"stringr","12",5,0.0593824228028504
"stringr","13",2,0.0237529691211401
"stringr","14",NA,NA
"stringr","15",1,0.0118764845605701
"stringr","16",5,0.0593824228028504
"stringr","17",NA,NA
"stringr","18",NA,NA
"stringr","19",2,0.0237529691211401
"stringr","20",NA,NA
"stringr",">20",12,0.142517814726841
"tibble",NA,4851,8.45387055174096
"tibble","-1",NA,NA
"tibble","0",38146,66.4772925307588
"tibble","1",12015,20.9386218674846
"tibble","2",3827,6.66933881705064
"tibble","3",1315,2.29165940538845
"tibble","4",210,0.365968422153289
"tibble","5",164,0.285803910633997
"tibble","6",706,1.23035098114391
"tibble","7",256,0.44613293367258
"tibble","8",101,0.17601338398801
"tibble","9",213,0.371196542469764
"tibble","10",81,0.14115924854484
"tibble","11",12,0.0209124812659022
"tibble","12",40,0.0697082708863407
"tibble","13",22,0.0383395489874874
"tibble","14",23,0.0400822557596459
"tibble","15",31,0.054023909936914
"tibble","16",15,0.0261406015823777
"tibble","17",21,0.0365968422153288
"tibble","18",NA,NA
"tibble","19",12,0.0209124812659022
"tibble","20",10,0.0174270677215852
"tibble",">20",160,0.278833083545363
"tidyr",NA,797,14.6131279794646
"tidyr","-1",NA,NA
"tidyr","0",3984,73.047304730473
"tidyr","1",1239,22.7172717271727
"tidyr","2",58,1.06343967730106
"tidyr","3",21,0.385038503850385
"tidyr","4",28,0.513384671800513
"tidyr","5",29,0.531719838650532
"tidyr","6",19,0.348368170150348
"tidyr","7",22,0.403373670700403
"tidyr","8",8,0.146681334800147
"tidyr","9",8,0.146681334800147
"tidyr","10",10,0.183351668500183
"tidyr","11",NA,NA
"tidyr","12",5,0.0916758342500917
"tidyr","13",2,0.0366703337000367
"tidyr","14",NA,NA
"tidyr","15",1,0.0183351668500183
"tidyr","16",5,0.0916758342500917
"tidyr","17",NA,NA
"tidyr","18",NA,NA
"tidyr","19",2,0.0366703337000367
"tidyr","20",NA,NA
"tidyr",">20",12,0.22002200220022
"viridis",NA,165128,13.2546696526758
"viridis","-1",55,0.00441479840425105
"viridis","0",854672,68.6037196683282
"viridis","1",302780,24.3038665607115
"viridis","2",40260,3.23163243191177
"viridis","3",14877,1.19416283381896
"viridis","4",1113,0.0893394658896621
"viridis","5",467,0.0374856519051862
"viridis","6",6413,0.514765493935672
"viridis","7",1525,0.122410319390597
"viridis","8",1106,0.0887775824563938
"viridis","9",194,0.0155721980077219
"viridis","10",1923,0.154357406024996
"viridis","11",3865,0.310239924226006
"viridis","12",2302,0.18477938048338
"viridis","13",1293,0.103787897030847
"viridis","14",3174,0.254774002456233
"viridis","15",2825,0.226760099854713
"viridis","16",2741,0.220017498655493
"viridis","17",1314,0.105473547330652
"viridis","18",1168,0.0937542642939132
"viridis","19",1218,0.0977677173886869
"viridis","20",414,0.0332313916247261
"viridis",">20",110,0.0088295968085021
"xml2",NA,2918,16.5908574027746
"xml2","-1",NA,NA
"xml2","0",13284,75.528769615647
"xml2","1",3546,20.1614737320901
"xml2","2",245,1.39299522401637
"xml2","3",111,0.631112121901296
"xml2","4",61,0.346827382306118
"xml2","5",58,0.329770297930407
"xml2","6",51,0.289970434387082
"xml2","7",35,0.198999317716625
"xml2","8",19,0.108028201046168
"xml2","9",82,0.466226972936093
"xml2","10",23,0.130770980213782
"xml2","11",12,0.0682283375028429
"xml2","12",17,0.0966568114623607
"xml2","13",8,0.0454855583352286
"xml2","14",10,0.0568569479190357
"xml2","15",1,0.00568569479190357
"xml2","16",10,0.0568569479190357
"xml2","17",NA,NA
"xml2","18",NA,NA
"xml2","19",2,0.0113713895838071
"xml2","20",NA,NA
"xml2",">20",12,0.0682283375028429
"xtable",NA,631295,25.4946827435614
"xtable","-1",NA,NA
"xtable","0",1782657,71.9921346685604
"xtable","1",544793,22.0013221962997
"xtable","2",55926,2.25855681910424
"xtable","3",37037,1.49572951595258
"xtable","4",6806,0.274858522169
"xtable","5",2997,0.121033057734424
"xtable","6",3902,0.157581245004913
"xtable","7",2501,0.101002228025958
"xtable","8",1862,0.0751963808813807
"xtable","9",1579,0.0637675002211064
"xtable","10",1961,0.079194469875611
"xtable","11",2399,0.0968829848197811
"xtable","12",1049,0.0423635894439143
"xtable","13",863,0.0348520283032393
"xtable","14",7848,0.316939418451706
"xtable","15",2422,0.0978118337780366
"xtable","16",4793,0.193564045952985
"xtable","17",4442,0.17938900315526
"xtable","18",2326,0.0939348989957527
"xtable","19",915,0.0369520346436431
"xtable","20",360,0.0145385054335645
"xtable",">20",6741,0.272233514243495
"xts",NA,13236,18.3070539419087
"xts","-1",NA,NA
"xts","0",54168,74.9211618257261
"xts","1",14587,20.1756569847856
"xts","2",1112,1.53803596127248
"xts","3",421,0.582295988934993
"xts","4",257,0.355463347164592
"xts","5",288,0.398340248962656
"xts","6",229,0.316735822959889
"xts","7",167,0.230982019363762
"xts","8",88,0.121715076071923
"xts","9",102,0.141078838174274
"xts","10",142,0.19640387275242
"xts","11",7,0.00968188105117566
"xts","12",24,0.033195020746888
"xts","13",35,0.0484094052558783
"xts","14",76,0.105117565698479
"xts","15",45,0.0622406639004149
"xts","16",159,0.219917012448133
"xts","17",149,0.206085753803596
"xts","18",52,0.0719225449515906
"xts","19",9,0.012448132780083
"xts","20",60,0.0829875518672199
"xts",">20",121,0.167358229598894
"zoo",NA,131568,22.1744692254408
"zoo","-1",NA,NA
"zoo","0",422566,71.2192688398213
"zoo","1",131746,22.2044693434188
"zoo","2",15751,2.65467336107502
"zoo","3",10447,1.76073726132631
"zoo","4",2114,0.356293535985816
"zoo","5",803,0.135337610878245
"zoo","6",897,0.151180369810443
"zoo","7",599,0.100955453195602
"zoo","8",860,0.144944390230748
"zoo","9",472,0.0795508746382711
"zoo","10",312,0.0525844764558063
"zoo","11",808,0.136180310821447
"zoo","12",1999,0.336911437292169
"zoo","13",686,0.115618432207318
"zoo","14",312,0.0525844764558063
"zoo","15",328,0.0552811162740528
"zoo","16",876,0.147641030048995
"zoo","17",191,0.0321911378303173
"zoo","18",321,0.0541013363535699
"zoo","19",168,0.028314718091588
"zoo","20",142,0.0239326783869375
"zoo",">20",928,0.156405109458296
