"name","strictness_ratio","number","percent"
"car","0/0",1599796,61.9116338667314
"car","0/1",5359,0.207391721126827
"car","1/1",464209,17.9647515343466
"car","0/2",3242,0.125464444839181
"car","1/2",37568,1.45387053168364
"car","2/2",246761,9.54957799906269
"car","1/3",4980,0.192724532788132
"car","2/3",39752,1.53839068823169
"car","3/3",55577,2.15081352585663
"car","1/4",21,0.000812693812962002
"car","2/4",49192,1.9037159070108
"car","3/4",18547,0.717763435666964
"car","4/4",38613,1.49431172380485
"car","0/5",1,3.8699705379143e-05
"car","2/5",1354,0.0523994010833596
"car","3/5",1950,0.0754644254893287
"car","4/5",7898,0.305650273084471
"car","5/5",4222,0.163390156110742
"car","1/6",110,0.00425696759170572
"car","2/6",9,0.000348297348412287
"car","3/6",37,0.00143188909902829
"car","4/6",1105,0.042763174443953
"car","5/6",143,0.00553405786921744
"car","6/6",1172,0.0453560547043555
"car","4/7",4,0.000154798821516572
"car","5/7",16,0.000619195286066287
"car","6/7",28,0.001083591750616
"car","7/7",181,0.00700464667362487
"car","6/8",1015,0.0392802009598301
"car","8/8",60,0.00232198232274858
"car","6/9",3,0.000116099116137429
"car","7/9",11,0.000425696759170572
"car","9/9",3,0.000116099116137429
"car","7/10",1003,0.0388158044952804
"car","9/10",3,0.000116099116137429
"car","10/10",3,0.000116099116137429
"car","7/11",13,0.000503096169928858
"car","10/11",10,0.000386997053791429
"car","11/11",10,0.000386997053791429
"car","10/12",16,0.000619195286066287
"car","11/16",1,3.8699705379143e-05
"car","12/16",1,3.8699705379143e-05
"checkmate","0/0",510648,51.5447330090472
"checkmate","0/1",277,0.0279603387137639
"checkmate","1/1",233132,23.532309332192
"checkmate","0/2",1189,0.120017482782185
"checkmate","1/2",9646,0.973665802285076
"checkmate","2/2",146443,14.7819345929954
"checkmate","1/3",2525,0.254873123654346
"checkmate","2/3",10593,1.06925584113682
"checkmate","3/3",14427,1.45625922968762
"checkmate","1/4",12,0.00121127821142659
"checkmate","2/4",32522,3.28276583266797
"checkmate","3/4",11294,1.14001467665433
"checkmate","4/4",6876,0.694062415147438
"checkmate","2/5",1190,0.120118422633137
"checkmate","3/5",763,0.0770171062765409
"checkmate","4/5",4460,0.450191735246884
"checkmate","5/5",2921,0.294845304631423
"checkmate","1/6",74,0.00746954897046399
"checkmate","2/6",7,0.000706578956665513
"checkmate","3/6",33,0.00333101508142313
"checkmate","4/6",126,0.0127184212199792
"checkmate","5/6",79,0.00797424822522507
"checkmate","6/6",338,0.034117669621849
"checkmate","4/7",7,0.000706578956665513
"checkmate","5/7",18,0.00181691731713989
"checkmate","6/7",5,0.00050469925476108
"checkmate","7/7",121,0.0122137219652181
"checkmate","6/8",13,0.00131221806237881
"checkmate","8/8",57,0.00575357150427632
"checkmate","7/9",5,0.00050469925476108
"checkmate","8/9",30,0.00302819552856648
"checkmate","9/10",100,0.0100939850952216
"checkmate","10/10",100,0.0100939850952216
"checkmate","7/11",40,0.00403759403808864
"checkmate","9/11",100,0.0100939850952216
"checkmate","10/11",110,0.0111033836047438
"checkmate","11/11",123,0.0124156016671226
"checkmate","11/12",5,0.00050469925476108
"checkmate","12/12",10,0.00100939850952216
"checkmate","10/13",100,0.0100939850952216
"checkmate","12/13",100,0.0100939850952216
"checkmate","13/14",5,0.00050469925476108
"checkmate","14/14",5,0.00050469925476108
"checkmate","8/15",10,0.00100939850952216
"checkmate","13/15",40,0.00403759403808864
"checkmate","15/16",5,0.00050469925476108
"checkmate","17/18",5,0.00050469925476108
"colorspace","0/0",430341,54.9179627032428
"colorspace","0/1",1235,0.15760451348699
"colorspace","1/1",180468,23.0304221376277
"colorspace","0/2",1265,0.161432963207322
"colorspace","1/2",8995,1.14789684114614
"colorspace","2/2",97576,12.4521603303697
"colorspace","0/3",5,0.000638074953388625
"colorspace","1/3",1418,0.180958056781014
"colorspace","2/3",8775,1.11982154319704
"colorspace","3/3",13386,1.70825426521203
"colorspace","1/4",8,0.0010209199254218
"colorspace","2/4",17846,2.27741712363468
"colorspace","3/4",6905,0.881181510629691
"colorspace","4/4",5035,0.642541478062345
"colorspace","0/5",2,0.00025522998135545
"colorspace","1/5",2,0.00025522998135545
"colorspace","2/5",970,0.123786540957393
"colorspace","3/5",794,0.101326302598114
"colorspace","4/5",4296,0.548233999951506
"colorspace","5/5",2473,0.315591871946014
"colorspace","1/6",160,0.020418398508436
"colorspace","2/6",20,0.0025522998135545
"colorspace","3/6",55,0.00701882448727487
"colorspace","4/6",166,0.0211840884525023
"colorspace","5/6",51,0.00650836452456397
"colorspace","6/6",165,0.0210564734618246
"colorspace","3/7",8,0.0010209199254218
"colorspace","4/7",4,0.0005104599627109
"colorspace","5/7",27,0.00344560474829857
"colorspace","6/7",49,0.00625313454320852
"colorspace","7/7",196,0.0250125381728341
"colorspace","4/8",1,0.000127614990677725
"colorspace","6/8",3,0.000382844972033175
"colorspace","7/8",21,0.00267991480423222
"colorspace","8/8",99,0.0126338840770948
"colorspace","7/9",1,0.000127614990677725
"colorspace","8/9",5,0.000638074953388625
"colorspace","9/9",2,0.00025522998135545
"colorspace","10/10",106,0.0135271890118388
"colorspace","7/11",25,0.00319037476694312
"colorspace","10/11",102,0.0130167290491279
"colorspace","11/11",47,0.00599790456185307
"colorspace","7/12",1,0.000127614990677725
"colorspace","9/12",2,0.00025522998135545
"colorspace","11/12",115,0.0146757239279384
"colorspace","12/12",5,0.000638074953388625
"colorspace","4/13",1,0.000127614990677725
"colorspace","12/13",55,0.00701882448727487
"colorspace","13/13",4,0.0005104599627109
"colorspace","13/14",4,0.0005104599627109
"colorspace","14/14",147,0.0187594036296256
"colorspace","1/15",4,0.0005104599627109
"colorspace","13/15",25,0.00319037476694312
"colorspace","14/15",108,0.0137824189931943
"colorspace","15/15",2,0.00025522998135545
"colorspace","1/16",2,0.00025522998135545
"colorspace","1/17",1,0.000127614990677725
"colorspace","17/17",13,0.00165899487881042
"colorspace","15/18",1,0.000127614990677725
"colorspace","1/20",1,0.000127614990677725
"colorspace","14/20",1,0.000127614990677725
"colorspace","22/22",2,0.00025522998135545
"colorspace","16/23",1,0.000127614990677725
"colorspace","9/25",2,0.00025522998135545
"colorspace","26/31",1,0.000127614990677725
"colorspace","28/31",1,0.000127614990677725
"curl","0/0",13228,58.0710303349576
"curl","0/1",19,0.0834101584793011
"curl","1/1",4703,20.6462092277975
"curl","0/2",38,0.166820316958602
"curl","1/2",217,0.952631810000439
"curl","2/2",3182,13.9690065411124
"curl","1/3",18,0.0790201501382853
"curl","2/3",96,0.421440800737521
"curl","3/3",323,1.41797269414812
"curl","2/4",73,0.320470608894157
"curl","3/4",78,0.342420650599236
"curl","4/4",387,1.69893322797313
"curl","2/5",37,0.162430308617586
"curl","3/5",2,0.0087800166820317
"curl","4/5",38,0.166820316958602
"curl","5/5",191,0.838491593134027
"curl","4/6",28,0.122920233548444
"curl","5/6",10,0.0439000834101585
"curl","6/6",30,0.131700250230475
"curl","7/7",22,0.0965801835023486
"curl","6/8",4,0.0175600333640634
"curl","7/8",13,0.057070108433206
"curl","8/8",2,0.0087800166820317
"curl","7/10",3,0.0131700250230475
"curl","9/11",2,0.0087800166820317
"curl","7/14",1,0.00439000834101585
"curl","8/15",2,0.0087800166820317
"curl","9/15",4,0.0175600333640634
"curl","13/15",2,0.0087800166820317
"curl","15/15",2,0.0087800166820317
"curl","9/16",2,0.0087800166820317
"curl","10/16",4,0.0175600333640634
"curl","14/16",1,0.00439000834101585
"curl","16/16",3,0.0131700250230475
"curl","15/17",4,0.0175600333640634
"curl","9/18",2,0.0087800166820317
"curl","10/18",4,0.0175600333640634
"curl","16/18",2,0.0087800166820317
"curl","17/18",1,0.00439000834101585
"curl","22/22",1,0.00439000834101585
"data","0/0",56578,56.087792691873
"data","0/1",188,0.186371116442294
"data","1/1",20709,20.5295715446993
"data","0/2",81,0.0802981937863077
"data","1/2",1239,1.22826496421278
"data","2/2",11674,11.5728532624859
"data","1/3",75,0.0743501794317664
"data","2/3",1709,1.69419275531852
"data","3/3",1988,1.97077542280469
"data","2/4",3118,3.09098479290997
"data","3/4",1213,1.2024902353431
"data","4/4",827,0.819834645200944
"data","0/5",16,0.0158613716121102
"data","1/5",4,0.00396534290302754
"data","2/5",82,0.0812895295120646
"data","3/5",43,0.042627436207546
"data","4/5",693,0.686995657949521
"data","5/5",414,0.41041299046335
"data","1/6",2,0.00198267145151377
"data","2/6",1,0.000991335725756885
"data","3/6",24,0.0237920574181652
"data","4/6",12,0.0118960287090826
"data","5/6",36,0.0356880861272479
"data","6/6",38,0.0376707575787616
"data","5/7",21,0.0208180502408946
"data","6/7",4,0.00396534290302754
"data","7/7",36,0.0356880861272479
"data","4/8",1,0.000991335725756885
"data","7/8",1,0.000991335725756885
"data","8/8",8,0.00793068580605508
"data","10/10",2,0.00198267145151377
"data","7/11",2,0.00198267145151377
"data","6/12",2,0.00198267145151377
"data","7/12",3,0.00297400717727065
"data","6/13",2,0.00198267145151377
"data","7/13",17,0.016852707337867
"data","8/13",1,0.000991335725756885
"data","7/14",1,0.000991335725756885
"data","13/14",2,0.00198267145151377
"data","13/15",2,0.00198267145151377
"data","10/23",5,0.00495667862878442
"DBI","0/0",74542,54.6487588158531
"DBI","0/1",20,0.0146625416049618
"DBI","1/1",28138,20.6287297840208
"DBI","0/2",360,0.263925748889312
"DBI","1/2",1577,1.15614140555124
"DBI","2/2",15700,11.510095159895
"DBI","1/3",531,0.389290479611736
"DBI","2/3",1987,1.45672350845296
"DBI","3/3",2560,1.87680532543511
"DBI","1/4",7,0.00513188956173663
"DBI","2/4",5635,4.13117109719799
"DBI","3/4",1773,1.29983431327986
"DBI","4/4",1417,1.03884107271154
"DBI","2/5",349,0.255861351006583
"DBI","3/5",153,0.112168443277958
"DBI","4/5",815,0.597498570402194
"DBI","5/5",528,0.387091098370992
"DBI","1/6",48,0.0351900998519083
"DBI","2/6",1,0.00073312708024809
"DBI","3/6",4,0.00293250832099236
"DBI","4/6",47,0.0344569727716602
"DBI","5/6",32,0.0234600665679389
"DBI","6/6",57,0.0417882435741411
"DBI","7/7",53,0.0388557352531488
"DBI","6/8",3,0.00219938124074427
"DBI","8/8",17,0.0124631603642175
"DBI","5/9",3,0.00219938124074427
"DBI","9/9",1,0.00073312708024809
"DBI","9/10",5,0.00366563540124045
"DBI","10/10",12,0.00879752496297708
"DBI","10/11",3,0.00219938124074427
"DBI","11/11",24,0.0175950499259542
"digest","0/0",60579,69.5383167271225
"digest","0/1",154,0.17677579319528
"digest","1/1",13823,15.8673492814179
"digest","0/2",21,0.0241057899811745
"digest","1/2",729,0.836815280775059
"digest","2/2",5632,6.46494329399881
"digest","1/3",22,0.0252536847421828
"digest","2/3",304,0.348960007346526
"digest","3/3",2305,2.64589742412416
"digest","2/4",235,0.269755268836953
"digest","3/4",314,0.36043895495661
"digest","4/4",1490,1.71036319390238
"digest","2/5",15,0.0172184214151247
"digest","3/5",2,0.00229578952201662
"digest","4/5",123,0.141191055604022
"digest","5/5",638,0.732356857523302
"digest","4/6",52,0.0596905275724322
"digest","5/6",1,0.00114789476100831
"digest","6/6",101,0.115937370861839
"digest","6/8",13,0.014922631893108
"digest","7/8",129,0.148078424170072
"digest","8/8",1,0.00114789476100831
"digest","6/9",3,0.00344368428302493
"digest","7/9",2,0.00229578952201662
"digest","9/9",45,0.051655264245374
"digest","10/10",2,0.00229578952201662
"digest","7/11",3,0.00344368428302493
"digest","9/11",39,0.0447678956793241
"digest","8/12",1,0.00114789476100831
"digest","7/14",4,0.00459157904403324
"digest","14/14",3,0.00344368428302493
"digest","6/15",1,0.00114789476100831
"digest","8/15",3,0.00344368428302493
"digest","9/15",62,0.0711694751825153
"digest","13/15",42,0.0482115799623491
"digest","14/15",7,0.00803526332705817
"digest","15/15",23,0.0264015795031911
"digest","7/16",1,0.00114789476100831
"digest","9/16",3,0.00344368428302493
"digest","10/16",62,0.0711694751825153
"digest","14/16",1,0.00114789476100831
"digest","15/16",7,0.00803526332705817
"digest","16/16",21,0.0241057899811745
"digest","7/18",1,0.00114789476100831
"digest","9/18",3,0.00344368428302493
"digest","10/18",62,0.0711694751825153
"digest","16/18",22,0.0252536847421828
"digest","17/18",10,0.0114789476100831
"dplyr","0/0",709854,63.4788370789079
"dplyr","0/1",588,0.0525820185593063
"dplyr","1/1",189284,16.9267598656118
"dplyr","0/2",3475,0.31075257566937
"dplyr","1/2",17211,1.53909714527929
"dplyr","2/2",66654,5.96054738954423
"dplyr","0/3",20,0.00178850403262947
"dplyr","1/3",1791,0.160160536121969
"dplyr","2/3",10415,0.931363474991795
"dplyr","3/3",35517,3.17611488634504
"dplyr","1/4",71,0.00634918931583461
"dplyr","2/4",1400,0.125195282284063
"dplyr","3/4",1590,0.142186070594043
"dplyr","4/4",71090,6.35723758398144
"dplyr","0/5",1,8.94252016314734e-05
"dplyr","1/5",32,0.00286160645220715
"dplyr","2/5",387,0.0346075530313802
"dplyr","3/5",27,0.00241448044404978
"dplyr","4/5",595,0.0532079949707267
"dplyr","5/5",1633,0.146031354264196
"dplyr","0/6",1,8.94252016314734e-05
"dplyr","1/6",7,0.000625976411420314
"dplyr","2/6",66,0.00590206330767724
"dplyr","3/6",5,0.000447126008157367
"dplyr","4/6",610,0.0545493729951988
"dplyr","5/6",84,0.00751171693704376
"dplyr","6/6",2845,0.254414698641542
"dplyr","1/7",3,0.00026827560489442
"dplyr","2/7",2273,0.203263483308339
"dplyr","4/7",3,0.00026827560489442
"dplyr","6/7",1,8.94252016314734e-05
"dplyr","7/7",31,0.00277218125057567
"dplyr","1/8",326,0.0291526157318603
"dplyr","2/8",2,0.000178850403262947
"dplyr","4/8",5,0.000447126008157367
"dplyr","6/8",7,0.000625976411420314
"dplyr","7/8",17,0.00152022842773505
"dplyr","8/8",42,0.00375585846852188
"dplyr","7/10",1,8.94252016314734e-05
"dplyr","10/10",1,8.94252016314734e-05
"dplyr","2/11",228,0.0203889459719759
"dplyr","7/11",3,0.00026827560489442
"dplyr","9/11",5,0.000447126008157367
"dplyr","11/11",2,0.000178850403262947
"dplyr","8/12",4,0.000357700806525894
"dplyr","11/12",2,0.000178850403262947
"dplyr","6/13",1,8.94252016314734e-05
"dplyr","10/13",1,8.94252016314734e-05
"dplyr","7/14",4,0.000357700806525894
"dplyr","14/14",1,8.94252016314734e-05
"dplyr","9/15",7,0.000625976411420314
"dplyr","10/15",1,8.94252016314734e-05
"dplyr","13/15",8,0.000715401613051787
"dplyr","10/16",7,0.000625976411420314
"dplyr","11/16",1,8.94252016314734e-05
"dplyr","16/17",4,0.000357700806525894
"dplyr","10/18",7,0.000625976411420314
"dplyr","11/18",1,8.94252016314734e-05
"dplyr","17/18",1,8.94252016314734e-05
"foreach","0/0",671161,67.9050892317841
"foreach","0/1",456,0.0461360548209648
"foreach","1/1",147443,14.9176279187884
"foreach","0/2",88,0.00890344917597566
"foreach","1/2",9503,0.961471335446553
"foreach","2/2",56143,5.68029939871365
"foreach","1/3",725,0.0733522801429813
"foreach","2/3",14694,1.4866736612703
"foreach","3/3",14495,1.46653972506554
"foreach","0/4",2,0.00020235111763581
"foreach","1/4",3,0.000303526676453716
"foreach","2/4",362,0.0366255522920817
"foreach","3/4",220,0.0222586229399392
"foreach","4/4",66276,6.70551133621549
"foreach","1/5",2141,0.216616871429135
"foreach","2/5",63,0.00637406020552803
"foreach","3/5",7,0.000708228911725337
"foreach","4/5",3464,0.350472135745224
"foreach","5/5",744,0.0752746157605215
"foreach","3/6",2,0.00020235111763581
"foreach","4/6",10,0.00101175558817905
"foreach","5/6",26,0.00263056452926554
"foreach","6/6",49,0.00495760238207736
"foreach","4/7",2,0.00020235111763581
"foreach","5/7",2,0.00020235111763581
"foreach","7/7",203,0.0205386384400348
"foreach","4/8",2,0.00020235111763581
"foreach","6/8",3,0.000303526676453716
"foreach","7/8",1,0.000101175558817905
"foreach","8/8",2,0.00020235111763581
"foreach","7/9",2,0.00020235111763581
"foreach","8/9",26,0.00263056452926554
"foreach","8/10",17,0.00171998449990439
"foreach","9/10",5,0.000505877794089526
"foreach","8/11",3,0.000303526676453716
"foreach","9/11",24,0.00242821341162973
"foreach","10/11",3,0.000303526676453716
"foreach","11/12",1,0.000101175558817905
"foreach","18/20",8,0.000809404470543242
"forecast","0/0",717054,65.0384986217775
"forecast","0/1",3591,0.325712217700205
"forecast","1/1",192027,17.4173043799268
"forecast","0/2",5781,0.524350412287632
"forecast","1/2",8808,0.798906492203678
"forecast","2/2",76235,6.91469532619748
"forecast","0/3",124,0.0112470941227584
"forecast","1/3",3224,0.292424447191719
"forecast","2/3",4311,0.39101792550977
"forecast","3/3",23297,2.11309315949921
"forecast","1/4",20,0.00181404743915458
"forecast","2/4",7206,0.653601292327396
"forecast","3/4",2790,0.253059617762064
"forecast","4/4",46458,4.21385079641218
"forecast","1/5",73,0.00662127315291422
"forecast","2/5",760,0.0689338026878741
"forecast","3/5",254,0.0230384024772632
"forecast","4/5",2300,0.208615455502777
"forecast","5/5",3975,0.360541928531973
"forecast","1/6",28,0.00253966641481641
"forecast","2/6",1,9.07023719577291e-05
"forecast","3/6",10,0.000907023719577291
"forecast","4/6",189,0.0171427483000108
"forecast","5/6",211,0.0191382004830808
"forecast","6/6",685,0.0621311247910444
"forecast","5/7",21,0.00190474981111231
"forecast","6/7",51,0.00462582096984418
"forecast","7/7",140,0.0126983320740821
"forecast","4/8",10,0.000907023719577291
"forecast","5/8",289,0.0262129854957837
"forecast","6/8",1431,0.12979509427151
"forecast","7/8",283,0.0256687712640373
"forecast","8/8",292,0.0264850926116569
"forecast","5/9",5,0.000453511859788645
"forecast","6/9",1,9.07023719577291e-05
"forecast","7/9",62,0.0056235470613792
"forecast","8/9",52,0.00471652334180191
"forecast","9/9",26,0.00235826167090096
"forecast","8/10",5,0.000453511859788645
"forecast","9/10",1,9.07023719577291e-05
"forecast","10/10",57,0.00517003520159056
"forecast","6/11",4,0.000362809487830916
"forecast","7/11",12,0.00108842846349275
"forecast","10/11",13,0.00117913083545048
"forecast","11/11",10,0.000907023719577291
"forecast","9/12",10,0.000907023719577291
"forecast","10/12",19,0.00172334506719685
"forecast","11/12",19,0.00172334506719685
"forecast","12/12",9,0.000816321347619562
"forecast","11/13",6,0.000544214231746374
"forecast","12/13",3,0.000272107115873187
"forecast","13/13",68,0.00616776129312558
"forecast","10/14",10,0.000907023719577291
"forecast","12/14",8,0.000725618975661832
"forecast","14/14",20,0.00181404743915458
"forecast","1/15",4,0.000362809487830916
"forecast","13/15",12,0.00108842846349275
"forecast","1/16",2,0.000181404743915458
"forecast","15/16",30,0.00272107115873187
"forecast","16/16",27,0.00244896404285869
"forecast","1/17",1,9.07023719577291e-05
"forecast","15/17",2,0.000181404743915458
"forecast","16/18",57,0.00517003520159056
"forecast","17/19",5,0.000453511859788645
"forecast","1/20",1,9.07023719577291e-05
"forecast","22/22",2,0.000181404743915458
"forecast","23/29",1,9.07023719577291e-05
"forecast","19/31",10,0.000907023719577291
"forecast","25/31",2,0.000181404743915458
"forecast","27/31",1,9.07023719577291e-05
"forecast","28/31",1,9.07023719577291e-05
"Formula","0/0",27341,66.4309837937653
"Formula","0/1",36,0.0874699322108025
"Formula","1/1",6400,15.5502101708093
"Formula","0/2",17,0.0413052457662123
"Formula","1/2",285,0.692470296668853
"Formula","2/2",3659,8.8903467210924
"Formula","0/3",1,0.00242972033918896
"Formula","1/3",15,0.0364458050878344
"Formula","2/3",142,0.345020288164832
"Formula","3/3",477,1.15897660179313
"Formula","1/4",1,0.00242972033918896
"Formula","2/4",26,0.0631727288189129
"Formula","3/4",46,0.111767135602692
"Formula","4/4",2326,5.65152950895352
"Formula","1/5",1,0.00242972033918896
"Formula","2/5",14,0.0340160847486454
"Formula","3/5",58,0.14092377967296
"Formula","4/5",42,0.102048254245936
"Formula","5/5",85,0.206526228831062
"Formula","4/6",76,0.184658745778361
"Formula","5/6",1,0.00242972033918896
"Formula","6/6",44,0.106907694924314
"Formula","4/7",2,0.00485944067837792
"Formula","5/7",5,0.0121486016959448
"Formula","6/7",1,0.00242972033918896
"Formula","6/8",43,0.104477974585125
"Formula","6/9",5,0.0121486016959448
"Formula","7/11",4,0.00971888135675584
"Formula","13/15",4,0.00971888135675584
"gdata","0/0",15682,60.2945134376562
"gdata","0/1",25,0.0961205736475835
"gdata","1/1",4848,18.6397016417394
"gdata","0/2",66,0.25375831442962
"gdata","1/2",466,1.79168749279096
"gdata","2/2",3249,12.49182975124
"gdata","1/3",31,0.119189511323004
"gdata","2/3",123,0.472913222346111
"gdata","3/3",427,1.64173939790073
"gdata","1/4",6,0.02306893767542
"gdata","2/4",164,0.630550963128148
"gdata","3/4",58,0.222999730862394
"gdata","4/4",363,1.39567072936291
"gdata","1/5",1,0.00384482294590334
"gdata","2/5",32,0.123034334268907
"gdata","3/5",10,0.0384482294590334
"gdata","4/5",79,0.303741012726364
"gdata","5/5",286,1.09961936252836
"gdata","4/6",8,0.0307585835672267
"gdata","5/6",7,0.0269137606213234
"gdata","6/6",30,0.1153446883771
"gdata","4/7",3,0.01153446883771
"gdata","5/8",1,0.00384482294590334
"gdata","6/8",2,0.00768964589180668
"gdata","7/8",9,0.0346034065131301
"gdata","8/8",7,0.0269137606213234
"gdata","9/9",1,0.00384482294590334
"gdata","9/11",4,0.0153792917836134
"gdata","7/14",1,0.00384482294590334
"gdata","9/15",5,0.0192241147295167
"gdata","13/15",4,0.0153792917836134
"gdata","10/16",5,0.0192241147295167
"gdata","10/18",5,0.0192241147295167
"gdata","17/18",1,0.00384482294590334
"ggplot2","0/0",101938,56.8390532214447
"ggplot2","0/1",228,0.12712927597647
"ggplot2","1/1",34053,18.9874264685383
"ggplot2","0/2",376,0.209651788452424
"ggplot2","1/2",4910,2.73774010984416
"ggplot2","2/2",26682,14.8774707965095
"ggplot2","0/3",5,0.00278792271878224
"ggplot2","1/3",95,0.0529705316568625
"ggplot2","2/3",530,0.295519808190917
"ggplot2","3/3",2217,1.23616493350804
"ggplot2","0/4",1,0.000557584543756447
"ggplot2","1/4",5,0.00278792271878224
"ggplot2","2/4",1318,0.734896428670997
"ggplot2","3/4",1629,0.908305221779252
"ggplot2","4/4",2141,1.19378850818255
"ggplot2","0/5",3,0.00167275363126934
"ggplot2","2/5",475,0.264852658284312
"ggplot2","3/5",19,0.0105941063313725
"ggplot2","4/5",783,0.436588697761298
"ggplot2","5/5",1431,0.797903482115476
"ggplot2","1/6",4,0.00223033817502579
"ggplot2","3/6",3,0.00167275363126934
"ggplot2","4/6",15,0.00836376815634671
"ggplot2","5/6",18,0.010036521787616
"ggplot2","6/6",236,0.131589952326522
"ggplot2","2/7",1,0.000557584543756447
"ggplot2","6/7",3,0.00167275363126934
"ggplot2","7/7",28,0.0156123672251805
"ggplot2","4/8",1,0.000557584543756447
"ggplot2","6/8",3,0.00167275363126934
"ggplot2","7/8",6,0.00334550726253868
"ggplot2","8/8",5,0.00278792271878224
"ggplot2","7/9",4,0.00223033817502579
"ggplot2","9/9",6,0.00334550726253868
"ggplot2","10/10",18,0.010036521787616
"ggplot2","7/11",4,0.00223033817502579
"ggplot2","9/11",4,0.00223033817502579
"ggplot2","11/11",76,0.04237642532549
"ggplot2","11/12",36,0.0200730435752321
"ggplot2","12/12",13,0.00724859906883381
"ggplot2","14/14",6,0.00334550726253868
"ggplot2","13/15",4,0.00223033817502579
"ggplot2","15/16",1,0.000557584543756447
"ggplot2","17/18",6,0.00334550726253868
"ggplot2","42/44",4,0.00223033817502579
"ggplot2","59/59",1,0.000557584543756447
"gridExtra","0/0",1947940,68.3234323270282
"gridExtra","0/1",26301,0.922499971063364
"gridExtra","1/1",424122,14.8759565312093
"gridExtra","0/2",5151,0.180669835783711
"gridExtra","1/2",74773,2.62264135722295
"gridExtra","2/2",187222,6.56675752185944
"gridExtra","0/3",364,0.0127671947632054
"gridExtra","1/3",2618,0.0918255931045924
"gridExtra","2/3",32726,1.14785498851829
"gridExtra","3/3",54316,1.90511799658863
"gridExtra","0/4",48,0.00168358612262049
"gridExtra","1/4",60,0.00210448265327561
"gridExtra","2/4",1578,0.0553478937811485
"gridExtra","3/4",7245,0.25411628038303
"gridExtra","4/4",48589,1.70424512733348
"gridExtra","1/5",50,0.00175373554439634
"gridExtra","2/5",611,0.0214306483525233
"gridExtra","3/5",479,0.016800786515317
"gridExtra","4/5",12333,0.432576409380802
"gridExtra","5/5",12224,0.428753265894018
"gridExtra","1/6",52,0.00182388496617219
"gridExtra","2/6",28,0.000982091904861951
"gridExtra","3/6",8,0.000280597687103415
"gridExtra","4/6",29,0.00101716661574988
"gridExtra","5/6",301,0.010557487977266
"gridExtra","6/6",2321,0.0814084039708782
"gridExtra","2/7",1,3.50747108879268e-05
"gridExtra","4/7",14,0.000491045952430976
"gridExtra","5/7",20,0.000701494217758537
"gridExtra","6/7",45,0.00157836198995671
"gridExtra","7/7",1224,0.0429314461268224
"gridExtra","3/8",2,7.01494217758537e-05
"gridExtra","4/8",7,0.000245522976215488
"gridExtra","5/8",2,7.01494217758537e-05
"gridExtra","6/8",7,0.000245522976215488
"gridExtra","7/8",1028,0.0360568027927888
"gridExtra","8/8",738,0.02588513663529
"gridExtra","4/9",24,0.000841793061310244
"gridExtra","5/9",12,0.000420896530655122
"gridExtra","8/9",96,0.00336717224524098
"gridExtra","9/9",311,0.0109082350861452
"gridExtra","2/10",24,0.000841793061310244
"gridExtra","4/10",12,0.000420896530655122
"gridExtra","6/10",50,0.00175373554439634
"gridExtra","9/10",4,0.000140298843551707
"gridExtra","10/10",779,0.027323199781695
"gridExtra","5/11",2,7.01494217758537e-05
"gridExtra","7/11",75,0.00263060331659451
"gridExtra","10/11",389,0.0136440625354035
"gridExtra","11/11",1340,0.047000112589822
"gridExtra","5/12",1,3.50747108879268e-05
"gridExtra","6/12",4,0.000140298843551707
"gridExtra","11/12",91,0.00319179869080134
"gridExtra","12/12",470,0.0164851141173256
"gridExtra","7/13",2,7.01494217758537e-05
"gridExtra","11/13",24,0.000841793061310244
"gridExtra","12/13",18,0.000631344795982683
"gridExtra","13/13",26,0.000911942483086097
"gridExtra","5/14",11,0.000385821819767195
"gridExtra","7/14",4,0.000140298843551707
"gridExtra","12/14",4,0.000140298843551707
"gridExtra","13/14",63,0.00220970678593939
"gridExtra","14/14",1097,0.0384769578440557
"gridExtra","1/15",4,0.000140298843551707
"gridExtra","2/15",25,0.000876867772198171
"gridExtra","10/15",1,3.50747108879268e-05
"gridExtra","13/15",47,0.00164851141173256
"gridExtra","14/15",971,0.0340575442721769
"gridExtra","15/15",418,0.0146612291511534
"gridExtra","1/16",2,7.01494217758537e-05
"gridExtra","14/16",4,0.000140298843551707
"gridExtra","1/17",1,3.50747108879268e-05
"gridExtra","14/17",1,3.50747108879268e-05
"gridExtra","15/17",1,3.50747108879268e-05
"gridExtra","16/17",8,0.000280597687103415
"gridExtra","17/17",1,3.50747108879268e-05
"gridExtra","17/18",28,0.000982091904861951
"gridExtra","18/18",3,0.00010522413266378
"gridExtra","18/19",3,0.00010522413266378
"gridExtra","19/19",2,7.01494217758537e-05
"gridExtra","1/20",1,3.50747108879268e-05
"gridExtra","16/22",1,3.50747108879268e-05
"gridExtra","22/22",2,7.01494217758537e-05
"gridExtra","22/24",1,3.50747108879268e-05
"gridExtra","24/24",2,7.01494217758537e-05
"gridExtra","28/28",1,3.50747108879268e-05
"gridExtra","30/30",6,0.000210448265327561
"gridExtra","30/31",1,3.50747108879268e-05
"gridExtra","32/32",1,3.50747108879268e-05
"gridExtra","34/34",2,7.01494217758537e-05
"gridExtra","40/40",1,3.50747108879268e-05
"gridExtra","41/41",3,0.00010522413266378
"gridExtra","42/42",1,3.50747108879268e-05
"gridExtra","48/48",1,3.50747108879268e-05
"gridExtra","56/56",2,7.01494217758537e-05
"gridExtra","88/88",1,3.50747108879268e-05
"highr","0/0",12260,72.8028503562945
"highr","0/1",49,0.290973871733967
"highr","1/1",1779,10.5641330166271
"highr","0/2",44,0.261282660332542
"highr","1/2",277,1.64489311163895
"highr","2/2",1095,6.50237529691211
"highr","1/3",23,0.136579572446556
"highr","2/3",378,2.24465558194774
"highr","3/3",492,2.92161520190024
"highr","1/4",1,0.00593824228028504
"highr","2/4",17,0.100950118764846
"highr","3/4",62,0.368171021377672
"highr","4/4",216,1.28266033254157
"highr","2/5",13,0.0771971496437055
"highr","3/5",4,0.0237529691211401
"highr","4/5",2,0.0118764845605701
"highr","5/5",90,0.534441805225653
"highr","4/6",4,0.0237529691211401
"highr","5/6",6,0.0356294536817102
"highr","6/6",19,0.112826603325416
"highr","7/7",4,0.0237529691211401
"highr","6/8",1,0.00593824228028504
"highr","8/8",4,0.0237529691211401
"htmlwidgets","0/0",17567,52.6162877766795
"htmlwidgets","0/1",25,0.074879444095007
"htmlwidgets","1/1",7908,23.6858657561326
"htmlwidgets","0/2",60,0.179710665828017
"htmlwidgets","1/2",254,0.760775152005271
"htmlwidgets","2/2",5483,16.4225596789169
"htmlwidgets","1/3",36,0.10782639949681
"htmlwidgets","2/3",150,0.449276664570042
"htmlwidgets","3/3",424,1.26995537185132
"htmlwidgets","1/4",1,0.00299517776380028
"htmlwidgets","2/4",344,1.0303411507473
"htmlwidgets","3/4",156,0.467247731152844
"htmlwidgets","4/4",383,1.14715308353551
"htmlwidgets","2/5",63,0.188696199119418
"htmlwidgets","3/5",4,0.0119807110552011
"htmlwidgets","4/5",74,0.221643154521221
"htmlwidgets","5/5",267,0.799712462934675
"htmlwidgets","1/6",1,0.00299517776380028
"htmlwidgets","4/6",25,0.074879444095007
"htmlwidgets","5/6",4,0.0119807110552011
"htmlwidgets","6/6",19,0.0569083775122054
"htmlwidgets","7/7",7,0.020966244346602
"htmlwidgets","8/8",8,0.0239614221104023
"htmlwidgets","10/13",3,0.00898553329140084
"htmlwidgets","11/14",1,0.00299517776380028
"htmlwidgets","6/18",10,0.0299517776380028
"htmlwidgets","4/19",4,0.0119807110552011
"htmlwidgets","7/19",20,0.0599035552760056
"htmlwidgets","9/19",10,0.0299517776380028
"htmlwidgets","10/19",10,0.0299517776380028
"htmlwidgets","16/19",4,0.0119807110552011
"htmlwidgets","5/20",4,0.0119807110552011
"htmlwidgets","8/20",2,0.00599035552760056
"htmlwidgets","9/20",2,0.00599035552760056
"htmlwidgets","4/21",6,0.0179710665828017
"htmlwidgets","7/21",20,0.0599035552760056
"htmlwidgets","9/21",2,0.00599035552760056
"htmlwidgets","5/22",2,0.00599035552760056
"htmlwidgets","9/22",10,0.0299517776380028
"htmlwidgets","10/22",2,0.00599035552760056
"htmlwidgets","12/22",2,0.00599035552760056
"htmlwidgets","8/23",8,0.0239614221104023
"htmlwidgets","10/24",2,0.00599035552760056
"iterators","0/0",4648,59.3084088299094
"iterators","0/1",19,0.242439709072349
"iterators","1/1",1533,19.5610565267322
"iterators","0/2",21,0.267959678448386
"iterators","1/2",124,1.58223810131428
"iterators","2/2",1005,12.8237846114585
"iterators","1/3",11,0.140359831568202
"iterators","2/3",38,0.484879418144698
"iterators","3/3",128,1.63327804006635
"iterators","1/4",1,0.0127599846880184
"iterators","2/4",35,0.446599464080643
"iterators","3/4",14,0.178639785632257
"iterators","4/4",141,1.79915784101059
"iterators","2/5",20,0.255199693760367
"iterators","3/5",2,0.0255199693760368
"iterators","4/5",16,0.204159755008294
"iterators","5/5",59,0.752839096593084
"iterators","5/6",1,0.0127599846880184
"iterators","6/6",12,0.15311981625622
"iterators","4/8",2,0.0255199693760368
"iterators","6/8",1,0.0127599846880184
"iterators","8/8",6,0.0765599081281102
"jsonlite","0/0",19443,52.753961363143
"jsonlite","0/1",21,0.0569785109615802
"jsonlite","1/1",8686,23.5673974386803
"jsonlite","0/2",77,0.208921206859127
"jsonlite","1/2",323,0.876383763837638
"jsonlite","2/2",6284,17.0501410896462
"jsonlite","1/3",46,0.124810071630128
"jsonlite","2/3",168,0.455828087692642
"jsonlite","3/3",371,1.00662036032125
"jsonlite","1/4",2,0.00542652485348383
"jsonlite","2/4",332,0.900803125678316
"jsonlite","3/4",142,0.385283264597352
"jsonlite","4/4",391,1.06088560885609
"jsonlite","2/5",74,0.200781419578902
"jsonlite","3/5",5,0.0135663121337096
"jsonlite","4/5",51,0.138376383763838
"jsonlite","5/5",221,0.599630996309963
"jsonlite","1/6",1,0.00271326242674191
"jsonlite","3/6",4,0.0108530497069677
"jsonlite","4/6",22,0.0596917733883221
"jsonlite","5/6",21,0.0569785109615802
"jsonlite","6/6",34,0.0922509225092251
"jsonlite","2/7",2,0.00542652485348383
"jsonlite","4/7",15,0.0406989364011287
"jsonlite","6/7",1,0.00271326242674191
"jsonlite","7/7",7,0.0189928369871934
"jsonlite","5/8",4,0.0108530497069677
"jsonlite","6/8",4,0.0108530497069677
"jsonlite","8/8",7,0.0189928369871934
"jsonlite","3/9",25,0.0678315606685479
"jsonlite","5/9",6,0.0162795745604515
"jsonlite","6/9",1,0.00271326242674191
"jsonlite","4/13",2,0.00542652485348383
"jsonlite","11/13",1,0.00271326242674191
"jsonlite","12/13",1,0.00271326242674191
"jsonlite","5/14",2,0.00542652485348383
"jsonlite","7/14",4,0.0108530497069677
"jsonlite","13/14",1,0.00271326242674191
"jsonlite","6/17",1,0.00271326242674191
"jsonlite","5/18",32,0.0868243976557413
"jsonlite","8/18",1,0.00271326242674191
"jsonlite","4/19",1,0.00271326242674191
"jsonlite","5/19",2,0.00542652485348383
"jsonlite","10/19",2,0.00542652485348383
"jsonlite","8/21",15,0.0406989364011287
"knitr","0/0",18501,55.3656930811587
"knitr","0/1",42,0.125688293033277
"knitr","1/1",7201,21.549557098396
"knitr","0/2",56,0.167584390711037
"knitr","1/2",375,1.12221690208283
"knitr","2/2",5522,16.5250179554704
"knitr","1/3",47,0.140651185061049
"knitr","2/3",246,0.73617428776634
"knitr","3/3",409,1.22396456787168
"knitr","0/4",1,0.00299257840555423
"knitr","1/4",1,0.00299257840555423
"knitr","2/4",100,0.299257840555423
"knitr","3/4",64,0.19152501795547
"knitr","4/4",365,1.09229111802729
"knitr","2/5",46,0.137658606655494
"knitr","3/5",9,0.026933205649988
"knitr","4/5",71,0.21247306679435
"knitr","5/5",232,0.69427819008858
"knitr","1/6",2,0.00598515681110845
"knitr","3/6",2,0.00598515681110845
"knitr","4/6",6,0.0179554704333254
"knitr","5/6",13,0.0389035192722049
"knitr","6/6",30,0.0897773521666268
"knitr","5/7",3,0.00897773521666268
"knitr","7/7",3,0.00897773521666268
"knitr","4/8",6,0.0179554704333254
"knitr","6/8",5,0.0149628920277711
"knitr","8/8",7,0.0209480488388796
"knitr","7/9",1,0.00299257840555423
"knitr","7/11",13,0.0389035192722049
"knitr","9/12",2,0.00598515681110845
"knitr","1/15",4,0.0119703136222169
"knitr","8/15",2,0.00598515681110845
"knitr","13/15",13,0.0389035192722049
"knitr","15/15",4,0.0119703136222169
"knitr","1/16",2,0.00598515681110845
"knitr","15/16",1,0.00299257840555423
"knitr","1/17",1,0.00299257840555423
"knitr","17/17",1,0.00299257840555423
"knitr","8/18",3,0.00897773521666268
"knitr","1/20",1,0.00299257840555423
"knitr","17/20",1,0.00299257840555423
"knitr","22/22",2,0.00598515681110845
"lazyeval","0/0",13512,58.7095372583098
"lazyeval","0/1",39,0.169454703454269
"lazyeval","1/1",4556,19.7957853573756
"lazyeval","0/2",65,0.282424505757115
"lazyeval","1/2",328,1.42515750597436
"lazyeval","2/2",2994,13.0089072344123
"lazyeval","1/3",34,0.147729741472952
"lazyeval","2/3",218,0.947208342385401
"lazyeval","3/3",409,1.77710189007169
"lazyeval","2/4",146,0.634368889854443
"lazyeval","3/4",57,0.247664566587008
"lazyeval","4/4",212,0.921138388007821
"lazyeval","2/5",46,0.199869650228112
"lazyeval","3/5",6,0.0260699543775798
"lazyeval","4/5",76,0.330219422116011
"lazyeval","5/5",241,1.04714316749946
"lazyeval","3/6",1,0.00434499239626331
"lazyeval","4/6",14,0.0608298935476863
"lazyeval","5/6",10,0.0434499239626331
"lazyeval","6/6",25,0.108624809906583
"lazyeval","4/7",1,0.00434499239626331
"lazyeval","5/7",2,0.00868998479252661
"lazyeval","6/7",2,0.00868998479252661
"lazyeval","7/7",1,0.00434499239626331
"lazyeval","4/8",2,0.00868998479252661
"lazyeval","6/8",1,0.00434499239626331
"lazyeval","8/8",4,0.0173799695850532
"lazyeval","1/15",4,0.0173799695850532
"lazyeval","15/15",3,0.0130349771887899
"lazyeval","1/16",2,0.00868998479252661
"lazyeval","1/17",1,0.00434499239626331
"lazyeval","1/20",1,0.00434499239626331
"lazyeval","22/22",2,0.00868998479252661
"lubridate","0/0",148358,57.6936239052997
"lubridate","0/1",144,0.0559988800223996
"lubridate","1/1",47424,18.4422978207103
"lubridate","0/2",464,0.180440835627732
"lubridate","1/2",3412,1.32686235164186
"lubridate","2/2",24213,9.41597834709972
"lubridate","1/3",1545,0.600821316906995
"lubridate","2/3",4784,1.86040723629972
"lubridate","3/3",4807,1.86935150185885
"lubridate","1/4",1,0.000388881111266664
"lubridate","2/4",11792,4.5856860640565
"lubridate","3/4",3357,1.30547389052219
"lubridate","4/4",2385,0.927481450370993
"lubridate","1/5",2,0.000777762222533327
"lubridate","2/5",303,0.117830976713799
"lubridate","3/5",1082,0.42076936239053
"lubridate","4/5",1305,0.507489850202996
"lubridate","5/5",1258,0.489212437973463
"lubridate","1/6",23,0.00894426555913326
"lubridate","2/6",3,0.00116664333379999
"lubridate","3/6",63,0.0244995100097998
"lubridate","4/6",51,0.0198329366745998
"lubridate","5/6",38,0.0147774822281332
"lubridate","6/6",141,0.0548322366885996
"lubridate","6/7",8,0.00311104889013331
"lubridate","7/7",96,0.0373325866815997
"lubridate","6/8",1,0.000388881111266664
"lubridate","7/8",6,0.00233328666759998
"lubridate","8/8",54,0.0209995800083998
"lubridate","7/11",6,0.00233328666759998
"lubridate","4/12",15,0.00583321666899995
"lubridate","11/13",6,0.00233328666759998
"lubridate","13/13",1,0.000388881111266664
"magrittr","0/0",18962,61.6730631626878
"magrittr","0/1",53,0.172380147010993
"magrittr","1/1",5809,18.8935146035257
"magrittr","0/2",49,0.159370324595069
"magrittr","1/2",433,1.40831327652378
"magrittr","2/2",3565,11.5950042281923
"magrittr","0/3",1,0.00325245560398101
"magrittr","1/3",34,0.110583490535354
"magrittr","2/3",320,1.04078579327392
"magrittr","3/3",579,1.883171794705
"magrittr","1/4",3,0.00975736681194302
"magrittr","2/4",59,0.191894880634879
"magrittr","3/4",36,0.117088401743316
"magrittr","4/4",373,1.21316594028492
"magrittr","2/5",57,0.185389969426917
"magrittr","3/5",7,0.022767189227867
"magrittr","4/5",34,0.110583490535354
"magrittr","5/5",226,0.735054966499707
"magrittr","3/6",1,0.00325245560398101
"magrittr","4/6",11,0.0357770116437911
"magrittr","5/6",9,0.0292721004358291
"magrittr","6/6",55,0.178885058218955
"magrittr","6/7",3,0.00975736681194302
"magrittr","7/7",1,0.00325245560398101
"magrittr","4/8",1,0.00325245560398101
"magrittr","6/8",5,0.016262278019905
"magrittr","8/8",18,0.0585442008716581
"magrittr","10/10",2,0.00650491120796201
"magrittr","7/11",12,0.0390294672477721
"magrittr","11/11",2,0.00650491120796201
"magrittr","1/15",4,0.013009822415924
"magrittr","13/15",12,0.0390294672477721
"magrittr","15/15",2,0.00650491120796201
"magrittr","1/16",2,0.00650491120796201
"magrittr","16/16",1,0.00325245560398101
"magrittr","1/17",1,0.00325245560398101
"magrittr","16/17",1,0.00325245560398101
"magrittr","1/20",1,0.00325245560398101
"magrittr","22/22",2,0.00650491120796201
"markdown","0/0",11363,59.7989685296285
"markdown","0/1",19,0.0999894747921272
"markdown","1/1",3382,17.7981265129986
"markdown","0/2",111,0.58414903694348
"markdown","1/2",320,1.68403325965688
"markdown","2/2",2563,13.4880538890643
"markdown","1/3",24,0.126302494474266
"markdown","2/3",184,0.968319124302705
"markdown","3/3",233,1.22618671718766
"markdown","1/4",1,0.00526260393642774
"markdown","2/4",74,0.389432691295653
"markdown","3/4",39,0.205241553520682
"markdown","4/4",166,0.873592253447006
"markdown","2/5",38,0.199978949584254
"markdown","3/5",76,0.399957899168509
"markdown","4/5",31,0.16314072202926
"markdown","5/5",171,0.899905273129144
"markdown","0/6",1,0.00526260393642774
"markdown","5/6",10,0.0526260393642774
"markdown","6/6",118,0.620987264498474
"markdown","4/8",3,0.0157878118092832
"markdown","6/8",2,0.0105252078728555
"markdown","8/8",1,0.00526260393642774
"markdown","4/9",44,0.231554573202821
"markdown","5/10",28,0.147352910219977
"mvtnorm","0/0",65458,68.8893800187331
"mvtnorm","0/1",317,0.33361748702891
"mvtnorm","1/1",13784,14.5065723697366
"mvtnorm","0/2",405,0.426230543365011
"mvtnorm","1/2",2058,2.16588261295109
"mvtnorm","2/2",7369,7.75529104705375
"mvtnorm","1/3",96,0.101032425093929
"mvtnorm","2/3",561,0.590408234142645
"mvtnorm","3/3",2198,2.31322156621307
"mvtnorm","2/4",25,0.0263105273682106
"mvtnorm","3/4",108,0.11366147823067
"mvtnorm","4/4",1704,1.79332554541723
"mvtnorm","0/5",16,0.0168387375156548
"mvtnorm","2/5",17,0.0178911586103832
"mvtnorm","3/5",34,0.0357823172207664
"mvtnorm","4/5",5,0.00526210547364211
"mvtnorm","5/5",431,0.45359349182795
"mvtnorm","4/6",34,0.0357823172207664
"mvtnorm","5/6",91,0.0957703196202865
"mvtnorm","6/6",76,0.0799840031993601
"mvtnorm","4/7",16,0.0168387375156548
"mvtnorm","6/7",16,0.0168387375156548
"mvtnorm","6/8",17,0.0178911586103832
"mvtnorm","8/8",38,0.0399920015996801
"mvtnorm","8/9",66,0.0694597922520759
"mvtnorm","9/10",17,0.0178911586103832
"mvtnorm","10/10",16,0.0168387375156548
"mvtnorm","7/11",16,0.0168387375156548
"mvtnorm","9/12",29,0.0305202117471243
"mvtnorm","10/12",1,0.00105242109472842
"nloptr","0/0",20154,70.7157894736842
"nloptr","0/1",10,0.0350877192982456
"nloptr","1/1",3351,11.7578947368421
"nloptr","0/2",19,0.0666666666666667
"nloptr","1/2",403,1.4140350877193
"nloptr","2/2",2304,8.08421052631579
"nloptr","1/3",120,0.421052631578947
"nloptr","2/3",447,1.56842105263158
"nloptr","3/3",816,2.86315789473684
"nloptr","2/4",53,0.185964912280702
"nloptr","3/4",152,0.533333333333333
"nloptr","4/4",110,0.385964912280702
"nloptr","2/5",15,0.0526315789473684
"nloptr","3/5",32,0.112280701754386
"nloptr","4/5",4,0.0140350877192982
"nloptr","5/5",137,0.480701754385965
"nloptr","3/6",68,0.23859649122807
"nloptr","4/6",5,0.0175438596491228
"nloptr","5/6",47,0.164912280701754
"nloptr","6/6",70,0.245614035087719
"nloptr","4/7",4,0.0140350877192982
"nloptr","5/7",119,0.417543859649123
"nloptr","7/7",11,0.0385964912280702
"nloptr","6/8",1,0.00350877192982456
"nloptr","8/8",3,0.0105263157894737
"nloptr","9/9",1,0.00350877192982456
"nloptr","10/10",2,0.00701754385964912
"nloptr","7/11",14,0.0491228070175439
"nloptr","6/12",3,0.0105263157894737
"nloptr","12/12",2,0.00701754385964912
"nloptr","12/14",9,0.0315789473684211
"nloptr","13/15",5,0.0175438596491228
"nloptr","18/18",9,0.0315789473684211
"quantreg","0/0",519597,51.250445090394
"quantreg","0/1",365,0.036001771484427
"quantreg","1/1",242665,23.9352599377219
"quantreg","0/2",1339,0.132072252103145
"quantreg","1/2",8750,0.863056165722565
"quantreg","2/2",152368,15.0288162124361
"quantreg","0/3",4,0.000394539961473173
"quantreg","1/3",3053,0.301132625594399
"quantreg","2/3",11033,1.08823984873338
"quantreg","3/3",14938,1.47340948612156
"quantreg","1/4",3,0.00029590497110488
"quantreg","2/4",34180,3.37134397078826
"quantreg","3/4",11323,1.11684399594018
"quantreg","4/4",5339,0.526612213576317
"quantreg","1/5",4,0.000394539961473173
"quantreg","2/5",1075,0.106032614645915
"quantreg","3/5",1148,0.113232968942801
"quantreg","4/5",3683,0.363272669526424
"quantreg","5/5",1617,0.15949277942553
"quantreg","1/6",217,0.0214037929099196
"quantreg","2/6",16,0.00157815984589269
"quantreg","3/6",142,0.0140061686322976
"quantreg","4/6",121,0.0119348338345635
"quantreg","5/6",77,0.00759489425835858
"quantreg","6/6",106,0.0104553089790391
"quantreg","4/7",2,0.000197269980736586
"quantreg","5/7",13,0.00128225487478781
"quantreg","6/7",2,0.000197269980736586
"quantreg","7/7",276,0.0272232573416489
"quantreg","3/8",1,9.86349903682932e-05
"quantreg","4/8",133,0.013118453718983
"quantreg","5/8",1,9.86349903682932e-05
"quantreg","6/8",44,0.0043399395762049
"quantreg","7/8",6,0.000591809942209759
"quantreg","8/8",113,0.0111457539116171
"quantreg","4/9",1,9.86349903682932e-05
"quantreg","6/9",3,0.00029590497110488
"quantreg","8/9",2,0.000197269980736586
"quantreg","9/9",6,0.000591809942209759
"quantreg","7/10",1,9.86349903682932e-05
"quantreg","9/10",1,9.86349903682932e-05
"quantreg","10/10",3,0.00029590497110488
"quantreg","7/11",5,0.000493174951841466
"quantreg","10/11",10,0.000986349903682932
"quantreg","11/11",12,0.00118361988441952
"quantreg","4/12",1,9.86349903682932e-05
"quantreg","9/12",2,0.000197269980736586
"quantreg","13/13",2,0.000197269980736586
"quantreg","3/14",1,9.86349903682932e-05
"quantreg","7/14",1,9.86349903682932e-05
"quantreg","13/14",2,0.000197269980736586
"quantreg","14/14",1,9.86349903682932e-05
"quantreg","1/15",4,0.000394539961473173
"quantreg","8/15",1,9.86349903682932e-05
"quantreg","13/15",4,0.000394539961473173
"quantreg","15/15",14,0.0013808898651561
"quantreg","1/16",2,0.000197269980736586
"quantreg","1/17",1,9.86349903682932e-05
"quantreg","17/17",1,9.86349903682932e-05
"quantreg","1/20",1,9.86349903682932e-05
"quantreg","22/22",2,0.000197269980736586
"quantreg","23/34",1,9.86349903682932e-05
"R6","0/0",816386,57.7096020556394
"R6","0/1",604,0.0426962241410389
"R6","1/1",279301,19.7435398987025
"R6","0/2",2721,0.192345075973124
"R6","1/2",14227,1.00569400803735
"R6","2/2",172430,12.1889237229128
"R6","0/3",14,0.000989647579428054
"R6","1/3",4692,0.331673317334031
"R6","2/3",17531,1.23925083678237
"R6","3/3",21686,1.53296410053406
"R6","0/4",17,0.00120171491787692
"R6","1/4",26,0.00183791693322353
"R6","2/4",40877,2.88955886459147
"R6","3/4",13496,0.954020266568644
"R6","4/4",9145,0.646451936704968
"R6","1/5",5,0.000353445564081448
"R6","2/5",2845,0.201110525962344
"R6","3/5",1770,0.125119729684833
"R6","4/5",6488,0.458630963952087
"R6","5/5",4528,0.320080302832159
"R6","1/6",74,0.00523099434840543
"R6","2/6",1595,0.112749134941982
"R6","3/6",475,0.0335773285877376
"R6","4/6",1285,0.0908355099689321
"R6","5/6",608,0.0429789805923041
"R6","6/6",656,0.046372058007486
"R6","4/7",3,0.000212067338448869
"R6","6/7",26,0.00183791693322353
"R6","7/7",195,0.0137843769991765
"R6","4/8",6,0.000424134676897738
"R6","6/8",21,0.00148447136914208
"R6","7/8",7,0.000494823789714027
"R6","8/8",292,0.0206412209423566
"R6","5/9",12,0.000848269353795475
"R6","7/9",7,0.000494823789714027
"R6","8/9",373,0.026367039080476
"R6","9/9",17,0.00120171491787692
"R6","9/10",22,0.00155516048195837
"R6","10/10",24,0.00169653870759095
"R6","1/11",1,7.06891128162896e-05
"R6","9/11",7,0.000494823789714027
"R6","10/11",17,0.00120171491787692
"R6","11/11",85,0.00600857458938462
"R6","4/12",1,7.06891128162896e-05
"R6","11/12",14,0.000989647579428054
"R6","12/12",4,0.000282756451265158
"R6","11/13",1,7.06891128162896e-05
"R6","12/13",2,0.000141378225632579
"R6","4/14",3,0.000212067338448869
"R6","14/14",5,0.000353445564081448
"R6","15/16",1,7.06891128162896e-05
"R6","14/18",11,0.000777580240979186
"R6","17/18",5,0.000353445564081448
"R6","42/44",1,7.06891128162896e-05
"RcppArmadillo","0/0",1071397,61.4486763892808
"RcppArmadillo","0/1",549,0.0314872296055665
"RcppArmadillo","1/1",315456,18.0925965436313
"RcppArmadillo","0/2",2361,0.135412293440333
"RcppArmadillo","1/2",16084,0.922478326003519
"RcppArmadillo","2/2",164043,9.40848744296166
"RcppArmadillo","0/3",15,0.000860306819824222
"RcppArmadillo","1/3",8314,0.476839393334572
"RcppArmadillo","2/3",17027,0.976562948076469
"RcppArmadillo","3/3",35988,2.06404812212227
"RcppArmadillo","0/4",2,0.000114707575976563
"RcppArmadillo","1/4",11,0.000630891667871096
"RcppArmadillo","2/4",46350,2.65834807325685
"RcppArmadillo","3/4",16565,0.950065498025883
"RcppArmadillo","4/4",23968,1.37465559050313
"RcppArmadillo","1/5",1173,0.0672759933102542
"RcppArmadillo","2/5",1498,0.0859159744064456
"RcppArmadillo","3/5",4626,0.26531862323379
"RcppArmadillo","4/5",7340,0.420976803833986
"RcppArmadillo","5/5",5058,0.290095459644728
"RcppArmadillo","0/6",10,0.000573537879882815
"RcppArmadillo","1/6",71,0.00407211894716798
"RcppArmadillo","2/6",7,0.00040147651591797
"RcppArmadillo","3/6",115,0.00659568561865237
"RcppArmadillo","4/6",609,0.0349284568848634
"RcppArmadillo","5/6",854,0.0489801349419924
"RcppArmadillo","6/6",2428,0.139254997235547
"RcppArmadillo","4/7",592,0.0339534424890626
"RcppArmadillo","6/7",18,0.00103236818378907
"RcppArmadillo","7/7",164,0.00940602123007816
"RcppArmadillo","3/8",8,0.000458830303906252
"RcppArmadillo","4/8",8,0.000458830303906252
"RcppArmadillo","5/8",3,0.000172061363964844
"RcppArmadillo","6/8",184,0.0105530969898438
"RcppArmadillo","7/8",8,0.000458830303906252
"RcppArmadillo","8/8",168,0.00963543638203129
"RcppArmadillo","6/9",9,0.000516184091894533
"RcppArmadillo","7/9",27,0.0015485522756836
"RcppArmadillo","8/9",20,0.00114707575976563
"RcppArmadillo","9/9",6,0.000344122727929689
"RcppArmadillo","9/10",93,0.00533390228291018
"RcppArmadillo","10/10",11,0.000630891667871096
"RcppArmadillo","7/11",3,0.000172061363964844
"RcppArmadillo","10/11",70,0.0040147651591797
"RcppArmadillo","11/11",10,0.000573537879882815
"RcppArmadillo","9/12",3,0.000172061363964844
"RcppArmadillo","11/12",1,5.73537879882815e-05
"RcppArmadillo","8/14",9,0.000516184091894533
"RcppArmadillo","8/15",102,0.00585008637480471
"RcppArmadillo","13/15",3,0.000172061363964844
"RcppArmadillo","14/16",23,0.00131913712373047
"RcppArmadillo","15/17",56,0.00321181212734376
"RcppArmadillo","16/18",23,0.00131913712373047
"RcppArmadillo","20/22",23,0.00131913712373047
"RcppEigen","0/0",138,75.4098360655738
"RcppEigen","1/1",16,8.7431693989071
"RcppEigen","1/2",6,3.27868852459016
"RcppEigen","2/2",9,4.91803278688525
"RcppEigen","2/3",2,1.09289617486339
"RcppEigen","3/3",8,4.37158469945355
"RcppEigen","2/4",2,1.09289617486339
"RcppEigen","3/4",2,1.09289617486339
"Rcpp","0/0",93918,60.8501843297072
"Rcpp","0/1",47,0.0304516563757346
"Rcpp","1/1",26347,17.0704210751378
"Rcpp","0/2",130,0.0842279857201169
"Rcpp","1/2",1958,1.26860304646145
"Rcpp","2/2",16050,10.3989166985221
"Rcpp","0/3",9,0.00583116824216194
"Rcpp","1/3",295,0.191132736826419
"Rcpp","2/3",2415,1.56469681164679
"Rcpp","3/3",3381,2.1905755363055
"Rcpp","1/4",5,0.00323953791231219
"Rcpp","2/4",3557,2.30460727081889
"Rcpp","3/4",1237,0.801461679506035
"Rcpp","4/4",2317,1.50120186856547
"Rcpp","1/5",14,0.00907070615447413
"Rcpp","2/5",108,0.0699740189059432
"Rcpp","3/5",121,0.0783968174779549
"Rcpp","4/5",649,0.420492021018122
"Rcpp","5/5",650,0.421139928600584
"Rcpp","1/6",5,0.00323953791231219
"Rcpp","2/6",1,0.000647907582462438
"Rcpp","3/6",24,0.0155497819790985
"Rcpp","4/6",14,0.00907070615447413
"Rcpp","5/6",126,0.0816363553902671
"Rcpp","6/6",850,0.550721445093072
"Rcpp","4/7",3,0.00194372274738731
"Rcpp","6/7",8,0.0051832606596995
"Rcpp","7/7",58,0.0375786397828214
"Rcpp","4/8",1,0.000647907582462438
"Rcpp","5/8",2,0.00129581516492488
"Rcpp","6/8",6,0.00388744549477463
"Rcpp","7/8",1,0.000647907582462438
"Rcpp","8/8",10,0.00647907582462438
"Rcpp","6/9",7,0.00453535307723706
"Rcpp","7/9",6,0.00388744549477463
"Rcpp","9/9",1,0.000647907582462438
"Rcpp","9/10",2,0.00129581516492488
"Rcpp","10/11",1,0.000647907582462438
"Rcpp","11/12",1,0.000647907582462438
"Rcpp","8/14",3,0.00194372274738731
"Rcpp","8/15",3,0.00194372274738731
"Rcpp","44/44",1,0.000647907582462438
"Rcpp","44/46",1,0.000647907582462438
"readr","0/0",51316,59.6753186342916
"readr","0/1",117,0.136059168294725
"readr","1/1",16796,19.5320494929761
"readr","0/2",127,0.147688157037864
"readr","1/2",1377,1.60131174993023
"readr","2/2",10294,11.9708810121872
"readr","1/3",128,0.148851055912178
"readr","2/3",444,0.516327100195367
"readr","3/3",1629,1.89436226625733
"readr","1/4",1,0.00116289887431389
"readr","2/4",171,0.198855707507675
"readr","3/4",113,0.13140757279747
"readr","4/4",2210,2.5700065122337
"readr","2/5",97,0.112801190808447
"readr","3/5",25,0.0290724718578472
"readr","4/5",116,0.134896269420411
"readr","5/5",621,0.722160200948926
"readr","2/6",2,0.00232579774862778
"readr","4/6",14,0.0162805842403945
"readr","5/6",11,0.0127918876174528
"readr","6/6",130,0.151176853660806
"readr","2/7",54,0.06279653921295
"readr","4/7",19,0.0220950786119639
"readr","6/7",2,0.00232579774862778
"readr","7/7",66,0.0767513257047167
"readr","4/8",1,0.00116289887431389
"readr","5/8",2,0.00232579774862778
"readr","6/8",4,0.00465159549725556
"readr","7/8",3,0.00348869662294167
"readr","8/8",9,0.010466089868825
"readr","8/9",7,0.00814029212019723
"readr","9/9",2,0.00232579774862778
"readr","7/10",1,0.00116289887431389
"readr","9/10",7,0.00814029212019723
"readr","10/10",6,0.00697739324588334
"readr","2/11",2,0.00232579774862778
"readr","7/11",6,0.00697739324588334
"readr","11/12",2,0.00232579774862778
"readr","11/13",1,0.00116289887431389
"readr","12/13",6,0.00697739324588334
"readr","13/14",4,0.00465159549725556
"readr","8/15",39,0.0453530560982417
"readr","13/15",6,0.00697739324588334
"readr","11/18",3,0.00348869662294167
"readr","20/20",1,0.00116289887431389
"readxl","0/0",122476,67.0300681925152
"readxl","0/1",130,0.0711478890968596
"readxl","1/1",27326,14.9552862881599
"readxl","0/2",168,0.0919449643713263
"readxl","1/2",3143,1.72013704178023
"readxl","2/2",12739,6.97194584003765
"readxl","1/3",155,0.0848301754616403
"readxl","2/3",2132,1.1668253811885
"readxl","3/3",4771,2.61112752985475
"readxl","1/4",7,0.0038310401821386
"readxl","2/4",167,0.0913976729167351
"readxl","3/4",136,0.074431637824407
"readxl","4/4",6822,3.73362230322136
"readxl","2/5",90,0.0492562309132105
"readxl","3/5",9,0.00492562309132105
"readxl","4/5",70,0.038310401821386
"readxl","5/5",1551,0.848849046070995
"readxl","2/6",5,0.00273645727295614
"readxl","4/6",24,0.0131349949101895
"readxl","5/6",12,0.00656749745509474
"readxl","6/6",216,0.118214954191705
"readxl","2/7",101,0.055276436913714
"readxl","6/7",8,0.00437833163672982
"readxl","7/7",324,0.177322431287558
"readxl","4/8",1,0.000547291454591228
"readxl","6/8",1,0.000547291454591228
"readxl","8/8",11,0.00602020600050351
"readxl","8/9",14,0.00766208036427719
"readxl","9/9",26,0.0142295778193719
"readxl","9/10",4,0.00218916581836491
"readxl","10/10",12,0.00656749745509474
"readxl","2/11",5,0.00273645727295614
"readxl","7/11",4,0.00218916581836491
"readxl","9/11",7,0.0038310401821386
"readxl","10/11",1,0.000547291454591228
"readxl","11/11",11,0.00602020600050351
"readxl","13/14",10,0.00547291454591228
"readxl","8/15",25,0.0136822863647807
"readxl","13/15",4,0.00218916581836491
"rlang","0/0",5046,60.0499821492324
"rlang","0/1",7,0.0833035820540283
"rlang","1/1",1549,18.4338926573843
"rlang","0/2",26,0.309413304772105
"rlang","1/2",137,1.63037010591455
"rlang","2/2",1037,12.3408306557182
"rlang","1/3",15,0.178507675830061
"rlang","2/3",62,0.737831726764251
"rlang","3/3",128,1.52326550041652
"rlang","2/4",54,0.642627632988218
"rlang","3/4",24,0.285612281328097
"rlang","4/4",75,0.892538379150303
"rlang","2/5",27,0.321313816494109
"rlang","3/5",2,0.0238010234440081
"rlang","4/5",28,0.333214328216113
"rlang","5/5",147,1.74937522313459
"rlang","4/6",2,0.0238010234440081
"rlang","5/6",9,0.107104605498036
"rlang","6/6",22,0.261811257884089
"rlang","6/7",1,0.011900511722004
"rlang","8/8",5,0.0595025586100202
"rprojroot","0/0",3250,61.3670694864048
"rprojroot","0/1",2,0.0377643504531722
"rprojroot","1/1",1021,19.2787009063444
"rprojroot","0/2",20,0.377643504531722
"rprojroot","1/2",98,1.85045317220544
"rprojroot","2/2",552,10.4229607250755
"rprojroot","1/3",7,0.132175226586103
"rprojroot","2/3",29,0.547583081570997
"rprojroot","3/3",96,1.81268882175227
"rprojroot","2/4",20,0.377643504531722
"rprojroot","3/4",18,0.33987915407855
"rprojroot","4/4",53,1.00075528700906
"rprojroot","1/5",1,0.0188821752265861
"rprojroot","2/5",21,0.396525679758308
"rprojroot","3/5",2,0.0377643504531722
"rprojroot","4/5",13,0.245468277945619
"rprojroot","5/5",84,1.58610271903323
"rprojroot","5/6",2,0.0377643504531722
"rprojroot","6/6",7,0.132175226586103
"RSQLite","0/0",100648,53.8431909612257
"RSQLite","0/1",42,0.0224685440383463
"RSQLite","1/1",39927,21.3595609004537
"RSQLite","0/2",555,0.296905760506719
"RSQLite","1/2",2159,1.15499015663785
"RSQLite","2/2",23051,12.3314859197124
"RSQLite","0/3",1,0.000534965334246341
"RSQLite","1/3",577,0.308674997860139
"RSQLite","2/3",2423,1.29622100487888
"RSQLite","3/3",2962,1.58456732003766
"RSQLite","1/4",4,0.00213986133698536
"RSQLite","2/4",6814,3.64525378755457
"RSQLite","3/4",2246,1.20153214071728
"RSQLite","4/4",1764,0.943678849610545
"RSQLite","2/5",613,0.327933749893007
"RSQLite","3/5",691,0.369661045964222
"RSQLite","4/5",1071,0.572947872977831
"RSQLite","5/5",1042,0.557433878284687
"RSQLite","1/6",85,0.045472053410939
"RSQLite","2/6",4,0.00213986133698536
"RSQLite","3/6",4,0.00213986133698536
"RSQLite","4/6",22,0.0117692373534195
"RSQLite","5/6",17,0.00909441068218779
"RSQLite","6/6",58,0.0310279893862878
"RSQLite","6/7",3,0.00160489600273902
"RSQLite","7/7",113,0.0604510827698365
"RSQLite","6/8",1,0.000534965334246341
"RSQLite","8/8",27,0.0144440640246512
"RSQLite","4/9",4,0.00213986133698536
"SparseM","0/0",46835,49.9903936469985
"SparseM","0/1",20,0.0213474511143369
"SparseM","1/1",22166,23.6593800700196
"SparseM","0/2",205,0.218811373921954
"SparseM","1/2",903,0.963837417812313
"SparseM","2/2",16088,17.1718896763726
"SparseM","0/3",4,0.00426949022286739
"SparseM","1/3",580,0.619076082315771
"SparseM","2/3",611,0.652164631542994
"SparseM","3/3",1101,1.17517718384425
"SparseM","1/4",10,0.0106737255571685
"SparseM","2/4",2351,2.50939287849031
"SparseM","3/4",737,0.786653573563317
"SparseM","4/4",907,0.968106908035181
"SparseM","2/5",189,0.201733413030484
"SparseM","3/5",293,0.312740158825036
"SparseM","4/5",190,0.202800785586201
"SparseM","5/5",241,0.25723678592776
"SparseM","1/6",24,0.0256169413372043
"SparseM","3/6",11,0.0117410981128853
"SparseM","4/6",39,0.041627529672957
"SparseM","5/6",16,0.0170779608914696
"SparseM","6/6",30,0.0320211766715054
"SparseM","5/7",4,0.00426949022286739
"SparseM","7/7",36,0.0384254120058065
"SparseM","6/8",7,0.00747160789001793
"SparseM","7/8",1,0.00106737255571685
"SparseM","8/8",56,0.0597728631201435
"SparseM","8/9",1,0.00106737255571685
"SparseM","9/10",2,0.00213474511143369
"SparseM","10/10",4,0.00426949022286739
"SparseM","11/11",2,0.00213474511143369
"SparseM","14/14",2,0.00213474511143369
"SparseM","1/15",4,0.00426949022286739
"SparseM","15/15",4,0.00426949022286739
"SparseM","1/16",2,0.00213474511143369
"SparseM","16/16",6,0.00640423533430108
"SparseM","1/17",1,0.00106737255571685
"SparseM","17/17",2,0.00213474511143369
"SparseM","1/20",1,0.00106737255571685
"SparseM","22/22",2,0.00213474511143369
"sp","0/0",3738935,65.9842877367331
"sp","0/1",4239,0.0748093763908738
"sp","1/1",884615,15.6115820938931
"sp","0/2",21367,0.377082317844728
"sp","1/2",103847,1.8326797145702
"sp","2/2",325389,5.74242702865063
"sp","0/3",69,0.00121770393276015
"sp","1/3",34996,0.617605316389483
"sp","2/3",57072,1.0071999833404
"sp","3/3",83720,1.47748077174899
"sp","1/4",78,0.00137653488051148
"sp","2/4",103404,1.82486170236422
"sp","3/4",17779,0.3137617133412
"sp","4/4",217254,3.83407319141847
"sp","1/5",61,0.00107652086809231
"sp","2/5",1452,0.0256247262372137
"sp","3/5",29749,0.525006873850461
"sp","4/5",8777,0.154895469823708
"sp","5/5",13693,0.241652463062098
"sp","1/6",111,0.00195891502226633
"sp","2/6",37,0.000652971674088778
"sp","3/6",118,0.0020824502038507
"sp","4/6",498,0.00878864577557328
"sp","5/6",328,0.0057885056513816
"sp","6/6",7202,0.127100053967226
"sp","3/7",58,0.00102357721884187
"sp","5/7",22,0.000388253427836571
"sp","6/7",380,0.00670619557172258
"sp","7/7",2234,0.0394253708084954
"sp","3/8",12,0.000211774597001766
"sp","4/8",6,0.000105887298500883
"sp","5/8",14,0.000247070363168727
"sp","6/8",22,0.000388253427836571
"sp","7/8",204,0.00360016814903002
"sp","8/8",651,0.0114887718873458
"sp","3/9",11,0.000194126713918285
"sp","5/9",9,0.000158830947751324
"sp","7/9",2,3.5295766166961e-05
"sp","8/9",27,0.000476492843253973
"sp","9/9",171,0.00301778800727516
"sp","6/10",32,0.000564732258671376
"sp","8/10",16,0.000282366129335688
"sp","9/10",12,0.000211774597001766
"sp","10/10",154,0.002717773994856
"sp","4/11",1,1.76478830834805e-05
"sp","7/11",122,0.00215304173618462
"sp","10/11",74,0.00130594334817756
"sp","11/11",135,0.00238246421626987
"sp","6/12",32,0.000564732258671376
"sp","9/12",6325,0.111622860503014
"sp","10/12",4,7.0591532333922e-05
"sp","11/12",80,0.00141183064667844
"sp","12/12",28,0.000494140726337454
"sp","10/13",1,1.76478830834805e-05
"sp","12/13",7,0.000123535181584363
"sp","13/13",4,7.0591532333922e-05
"sp","6/14",1,1.76478830834805e-05
"sp","7/14",65,0.00114711240042623
"sp","12/14",36,0.000635323791005298
"sp","13/14",68,0.00120005604967667
"sp","14/14",217,0.00382959062911527
"sp","1/15",4,7.0591532333922e-05
"sp","8/15",19,0.000335309778586129
"sp","12/15",1,1.76478830834805e-05
"sp","13/15",85,0.00150007006209584
"sp","14/15",111,0.00195891502226633
"sp","15/15",15,0.000264718246252207
"sp","1/16",2,3.5295766166961e-05
"sp","13/16",1,1.76478830834805e-05
"sp","14/16",1,1.76478830834805e-05
"sp","15/16",2,3.5295766166961e-05
"sp","16/16",1,1.76478830834805e-05
"sp","1/17",1,1.76478830834805e-05
"sp","14/17",2,3.5295766166961e-05
"sp","15/17",4,7.0591532333922e-05
"sp","16/17",1,1.76478830834805e-05
"sp","4/18",64,0.00112946451734275
"sp","9/18",1,1.76478830834805e-05
"sp","13/18",11,0.000194126713918285
"sp","14/18",2,3.5295766166961e-05
"sp","16/18",1,1.76478830834805e-05
"sp","17/18",1,1.76478830834805e-05
"sp","18/19",2,3.5295766166961e-05
"sp","1/20",1,1.76478830834805e-05
"sp","17/20",1,1.76478830834805e-05
"sp","13/21",3,5.29436492504415e-05
"sp","22/22",3,5.29436492504415e-05
"sp","16/23",1,1.76478830834805e-05
"sp","12/24",4,7.0591532333922e-05
"sp","14/24",2,3.5295766166961e-05
"sp","21/25",1,1.76478830834805e-05
"sp","24/26",1,1.76478830834805e-05
"sp","25/27",4,7.0591532333922e-05
"sp","28/28",8,0.000141183064667844
"sp","25/29",1,1.76478830834805e-05
"sp","27/29",1,1.76478830834805e-05
"sp","31/32",2,3.5295766166961e-05
"sp","32/33",4,7.0591532333922e-05
"sp","34/35",1,1.76478830834805e-05
"sp","35/35",2,3.5295766166961e-05
"sp","37/38",1,1.76478830834805e-05
"sp","89/89",1,1.76478830834805e-05
"sp","89/91",1,1.76478830834805e-05
"stringr","0/0",6112,53.8692050061696
"stringr","0/1",19,0.167459897761326
"stringr","1/1",2597,22.8891239203243
"stringr","0/2",50,0.440683941477173
"stringr","1/2",159,1.40137493389741
"stringr","2/2",1772,15.617838885951
"stringr","1/3",9,0.0793231094658911
"stringr","2/3",45,0.396615547329455
"stringr","3/3",169,1.48951172219284
"stringr","2/4",50,0.440683941477173
"stringr","3/4",18,0.158646218931782
"stringr","4/4",101,0.890181561783889
"stringr","2/5",47,0.414242904988542
"stringr","3/5",1,0.00881367882954345
"stringr","4/5",28,0.246783007227217
"stringr","5/5",128,1.12815089018156
"stringr","2/6",1,0.00881367882954345
"stringr","5/6",9,0.0793231094658911
"stringr","6/6",13,0.114577824784065
"stringr","7/7",3,0.0264410364886304
"stringr","2/8",6,0.0528820729772607
"stringr","4/8",2,0.0176273576590869
"stringr","8/8",6,0.0528820729772607
"stringr","11/11",1,0.00881367882954345
"tibble","0/0",47025,57.9232616862721
"tibble","0/1",92,0.113321426371867
"tibble","1/1",16999,20.9385970314713
"tibble","0/2",109,0.134261255157973
"tibble","1/2",1849,2.27751431914763
"tibble","2/2",9205,11.3383014103591
"tibble","1/3",146,0.179836176633615
"tibble","2/3",307,0.378148672784381
"tibble","3/3",1987,2.44749645870543
"tibble","2/4",96,0.118248444909774
"tibble","3/4",93,0.114553181006344
"tibble","4/4",2421,2.98207797006836
"tibble","1/5",1,0.00123175463447681
"tibble","2/5",57,0.0702100141651783
"tibble","3/5",2,0.00246350926895362
"tibble","4/5",44,0.0541972039169797
"tibble","5/5",293,0.360904107901706
"tibble","2/6",10,0.0123175463447681
"tibble","4/6",7,0.00862228244133769
"tibble","5/6",9,0.0110857917102913
"tibble","6/6",33,0.0406479029377348
"tibble","2/7",228,0.280840056660713
"tibble","5/7",1,0.00123175463447681
"tibble","6/7",1,0.00123175463447681
"tibble","1/8",17,0.0209398287861058
"tibble","4/8",1,0.00123175463447681
"tibble","6/8",3,0.00369526390343044
"tibble","7/8",24,0.0295621112274435
"tibble","8/8",22,0.0270986019584899
"tibble","8/9",7,0.00862228244133769
"tibble","2/11",30,0.0369526390343044
"tibble","9/11",10,0.0123175463447681
"tibble","7/14",1,0.00123175463447681
"tibble","13/14",7,0.00862228244133769
"tibble","9/15",12,0.0147810556137217
"tibble","13/15",10,0.0123175463447681
"tibble","10/16",12,0.0147810556137217
"tibble","10/18",12,0.0147810556137217
"tibble","11/18",1,0.00123175463447681
"tibble","17/18",1,0.00123175463447681
"tidyr","0/0",3651,52.668782458165
"tidyr","0/1",6,0.0865551067512983
"tidyr","1/1",1582,22.8216964800923
"tidyr","0/2",17,0.245239469128679
"tidyr","1/2",70,1.00980957876515
"tidyr","2/2",1205,17.3831506058857
"tidyr","1/3",9,0.129832660126947
"tidyr","2/3",42,0.605885747259088
"tidyr","3/3",67,0.966532025389498
"tidyr","2/4",49,0.706866705135603
"tidyr","3/4",18,0.259665320253895
"tidyr","4/4",39,0.562608193883439
"tidyr","2/5",19,0.274091171379111
"tidyr","4/5",27,0.389497980380842
"tidyr","5/5",109,1.57241777264859
"tidyr","5/6",9,0.129832660126947
"tidyr","6/6",11,0.15868436237738
"tidyr","0/7",1,0.0144258511252164
"tidyr","2/22",1,0.0144258511252164
"viridis","0/0",1105089,58.7837999575514
"viridis","0/1",129,0.00686199047725942
"viridis","1/1",375955,19.9984467432408
"viridis","0/2",4336,0.230647989995324
"viridis","1/2",17837,0.948816466223847
"viridis","2/2",236519,12.5813265557436
"viridis","0/3",3,0.000159581173889754
"viridis","1/3",3371,0.179316045727453
"viridis","2/3",35460,1.88624947537689
"viridis","3/3",17223,0.916155519301077
"viridis","0/4",1,5.3193724629918e-05
"viridis","1/4",20,0.00106387449259836
"viridis","2/4",30364,1.61517425466283
"viridis","3/4",10612,0.564491805772689
"viridis","4/4",29543,1.57150220674167
"viridis","2/5",2118,0.112664308766166
"viridis","3/5",1171,0.0622898515416339
"viridis","4/5",4601,0.244744327022253
"viridis","5/5",3288,0.17490096658317
"viridis","1/6",217,0.0115430382446922
"viridis","2/6",7,0.000372356072409426
"viridis","3/6",95,0.00505340383984221
"viridis","4/6",195,0.010372776302834
"viridis","5/6",161,0.00856418966541679
"viridis","6/6",318,0.0169156044323139
"viridis","5/7",39,0.0020745552605668
"viridis","6/7",79,0.00420230424576352
"viridis","7/7",332,0.0176603165771328
"viridis","4/8",2,0.000106387449259836
"viridis","6/8",4,0.000212774898519672
"viridis","7/8",3,0.000159581173889754
"viridis","8/8",78,0.0041491105211336
"viridis","4/9",39,0.0020745552605668
"viridis","7/9",78,0.0041491105211336
"viridis","8/9",2,0.000106387449259836
"viridis","9/9",195,0.010372776302834
"viridis","4/10",48,0.00255329878223606
"viridis","10/10",4,0.000212774898519672
"viridis","10/11",10,0.00053193724629918
"viridis","11/11",60,0.00319162347779508
"viridis","11/12",1,5.3193724629918e-05
"viridis","12/12",3,0.000159581173889754
"viridis","12/13",39,0.0020745552605668
"viridis","13/13",40,0.00212774898519672
"viridis","11/14",39,0.0020745552605668
"viridis","14/14",1,5.3193724629918e-05
"viridis","1/15",4,0.000212774898519672
"viridis","1/16",2,0.000106387449259836
"viridis","1/17",1,5.3193724629918e-05
"viridis","9/17",63,0.00335120465168483
"viridis","17/18",1,5.3193724629918e-05
"viridis","1/20",1,5.3193724629918e-05
"viridis","20/20",117,0.0062236657817004
"viridis","22/22",2,0.000106387449259836
"viridis","42/44",1,5.3193724629918e-05
"xml2","0/0",13521,56.2484399700474
"xml2","0/1",14,0.05824111822947
"xml2","1/1",4974,20.692237290956
"xml2","0/2",79,0.328646310009152
"xml2","1/2",460,1.91363674182544
"xml2","2/2",3278,13.636741825443
"xml2","0/3",18,0.0748814377236043
"xml2","1/3",32,0.133122555953074
"xml2","2/3",123,0.511689824444629
"xml2","3/3",265,1.1024211664864
"xml2","1/4",2,0.00832015974706714
"xml2","2/4",349,1.45186787586322
"xml2","3/4",54,0.224644313170813
"xml2","4/4",206,0.856976453947916
"xml2","2/5",62,0.257924952159081
"xml2","3/5",8,0.0332806389882686
"xml2","4/5",176,0.732174057741909
"xml2","5/5",354,1.47266827523088
"xml2","4/6",4,0.0166403194941343
"xml2","5/6",10,0.0416007987353357
"xml2","6/6",33,0.137282635826608
"xml2","6/7",3,0.0124802396206007
"xml2","6/8",7,0.029120559114735
"xml2","8/8",6,0.0249604792412014
"xtable","0/0",2108528,58.3418624489533
"xtable","0/1",3187,0.088182616320397
"xtable","1/1",702890,19.4485971714603
"xtable","0/2",9875,0.273236064061475
"xtable","1/2",42023,1.16275434127143
"xtable","2/2",363370,10.054257073217
"xtable","0/3",17,0.000470381072308362
"xtable","1/3",10609,0.293545458595259
"xtable","2/3",55796,1.54384601826573
"xtable","3/3",68612,1.89845800783655
"xtable","1/4",31,0.000857753720091719
"xtable","2/4",124932,3.45680283091931
"xtable","3/4",38078,1.05359826302105
"xtable","4/4",37127,1.02728459244662
"xtable","0/5",36,0.00099610109430006
"xtable","1/5",16,0.000442711597466694
"xtable","2/5",3169,0.087684565773247
"xtable","3/5",10910,0.301873970522602
"xtable","4/5",15813,0.437537405671302
"xtable","5/5",10253,0.283695125551626
"xtable","1/6",208,0.00575525076706702
"xtable","2/6",20,0.000553389496833367
"xtable","3/6",150,0.00415042122625025
"xtable","4/6",1176,0.032539302413802
"xtable","5/6",585,0.016186642782376
"xtable","6/6",1422,0.0393459932248524
"xtable","1/7",45,0.00124512636787508
"xtable","2/7",2,5.53389496833367e-05
"xtable","4/7",130,0.00359703172941689
"xtable","5/7",42,0.00116211794335007
"xtable","6/7",59,0.00163249901565843
"xtable","7/7",1009,0.0279185001152434
"xtable","3/8",19,0.000525720021991699
"xtable","4/8",16,0.000442711597466694
"xtable","5/8",2,5.53389496833367e-05
"xtable","6/8",124,0.00343101488036687
"xtable","7/8",478,0.0132260089743175
"xtable","8/8",548,0.0151628722132343
"xtable","2/9",8,0.000221355798733347
"xtable","3/9",1,2.76694748416683e-05
"xtable","4/9",7,0.000193686323891678
"xtable","5/9",13,0.000359703172941689
"xtable","6/9",4,0.000110677899366673
"xtable","7/9",12,0.00033203369810002
"xtable","8/9",166,0.00459313282371695
"xtable","9/9",207,0.00572758129222535
"xtable","6/10",1,2.76694748416683e-05
"xtable","7/10",2,5.53389496833367e-05
"xtable","9/10",49,0.00135580426724175
"xtable","10/10",60,0.0016601684905001
"xtable","7/11",377,0.010431392015309
"xtable","9/11",137,0.00379071805330856
"xtable","10/11",13,0.000359703172941689
"xtable","11/11",19,0.000525720021991699
"xtable","7/12",1,2.76694748416683e-05
"xtable","8/12",22,0.000608728446516704
"xtable","9/12",66,0.00182618533955011
"xtable","10/12",2,5.53389496833367e-05
"xtable","11/12",1,2.76694748416683e-05
"xtable","12/12",2,5.53389496833367e-05
"xtable","10/13",1,2.76694748416683e-05
"xtable","11/13",1,2.76694748416683e-05
"xtable","13/13",1,2.76694748416683e-05
"xtable","7/14",21,0.000581058971675035
"xtable","9/14",30,0.00083008424525005
"xtable","10/14",1,2.76694748416683e-05
"xtable","11/14",210,0.00581058971675035
"xtable","14/14",3,8.3008424525005e-05
"xtable","8/15",58,0.00160482954081676
"xtable","9/15",201,0.00556156444317534
"xtable","10/15",2,5.53389496833367e-05
"xtable","12/15",1,2.76694748416683e-05
"xtable","13/15",478,0.0132260089743175
"xtable","15/15",20,0.000553389496833367
"xtable","10/16",201,0.00556156444317534
"xtable","11/16",3,8.3008424525005e-05
"xtable","14/16",21,0.000581058971675035
"xtable","15/16",1,2.76694748416683e-05
"xtable","16/16",40,0.00110677899366673
"xtable","15/17",4,0.000110677899366673
"xtable","16/17",3,8.3008424525005e-05
"xtable","10/18",201,0.00556156444317534
"xtable","11/18",2,5.53389496833367e-05
"xtable","16/18",1,2.76694748416683e-05
"xtable","17/18",27,0.000747075820725045
"xtable","7/20",1,2.76694748416683e-05
"xtable","18/20",1,2.76694748416683e-05
"xtable","19/20",1,2.76694748416683e-05
"xtable","8/22",1,2.76694748416683e-05
"xtable","16/22",1,2.76694748416683e-05
"xtable","6/29",1,2.76694748416683e-05
"xtable","8/30",3,8.3008424525005e-05
"xtable","28/30",1,2.76694748416683e-05
"xtable","9/31",1,2.76694748416683e-05
"xtable","21/31",5,0.000138347374208342
"xtable","24/31",1,2.76694748416683e-05
"xtable","25/31",1,2.76694748416683e-05
"xtable","26/31",2,5.53389496833367e-05
"xtable","28/31",1,2.76694748416683e-05
"xtable","29/31",1,2.76694748416683e-05
"xtable","30/31",2,5.53389496833367e-05
"xtable","23/32",1,2.76694748416683e-05
"xtable","27/32",5,0.000138347374208342
"xtable","28/32",1,2.76694748416683e-05
"xtable","29/32",7,0.000193686323891678
"xtable","30/32",2,5.53389496833367e-05
"xtable","24/33",2,5.53389496833367e-05
"xtable","25/33",1,2.76694748416683e-05
"xtable","26/33",5,0.000138347374208342
"xtable","27/33",9,0.000249025273575015
"xtable","28/33",1,2.76694748416683e-05
"xtable","29/33",7,0.000193686323891678
"xtable","30/33",3,8.3008424525005e-05
"xtable","31/33",1,2.76694748416683e-05
"xtable","26/34",1,2.76694748416683e-05
"xtable","27/34",6,0.00016601684905001
"xtable","28/34",1,2.76694748416683e-05
"xtable","28/35",3,8.3008424525005e-05
"xtable","286/287",2,5.53389496833367e-05
"xts","0/0",60855,58.7658732074743
"xts","0/1",173,0.167060982086814
"xts","1/1",21263,20.5330500700111
"xts","0/2",194,0.187340060837236
"xts","1/2",1471,1.42050118294626
"xts","2/2",12401,11.9752788373328
"xts","0/3",8,0.00772536333349428
"xts","1/3",54,0.0521462025010864
"xts","2/3",307,0.296460817922843
"xts","3/3",1403,1.35483559461156
"xts","1/4",7,0.00675969291680749
"xts","2/4",1236,1.19356863502487
"xts","3/4",462,0.446139732509295
"xts","4/4",1195,1.15397614794071
"xts","1/5",1,0.000965670416686785
"xts","2/5",146,0.140987880836271
"xts","3/5",29,0.0280044420839168
"xts","4/5",769,0.742600550432137
"xts","5/5",1204,1.16266718169089
"xts","3/6",3,0.00289701125006035
"xts","4/6",10,0.00965670416686785
"xts","5/6",17,0.0164163970836753
"xts","6/6",96,0.0927043600019313
"xts","4/7",5,0.00482835208343392
"xts","5/7",4,0.00386268166674714
"xts","6/7",8,0.00772536333349428
"xts","7/7",83,0.0801506445850031
"xts","6/8",6,0.00579402250012071
"xts","7/8",29,0.0280044420839168
"xts","8/8",12,0.0115880450002414
"xts","7/9",1,0.000965670416686785
"xts","9/9",1,0.000965670416686785
"xts","7/10",1,0.000965670416686785
"xts","8/11",2,0.00193134083337357
"xts","9/11",5,0.00482835208343392
"xts","10/11",10,0.00965670416686785
"xts","11/11",10,0.00965670416686785
"xts","7/14",1,0.000965670416686785
"xts","1/15",4,0.00386268166674714
"xts","6/15",4,0.00386268166674714
"xts","9/15",7,0.00675969291680749
"xts","13/15",5,0.00482835208343392
"xts","14/15",5,0.00482835208343392
"xts","1/16",2,0.00193134083337357
"xts","7/16",4,0.00386268166674714
"xts","10/16",7,0.00675969291680749
"xts","15/16",5,0.00482835208343392
"xts","1/17",1,0.000965670416686785
"xts","7/18",4,0.00386268166674714
"xts","8/18",3,0.00289701125006035
"xts","10/18",7,0.00675969291680749
"xts","16/18",5,0.00482835208343392
"xts","17/18",6,0.00579402250012071
"xts","1/20",1,0.000965670416686785
"xts","22/22",2,0.00193134083337357
"xts","23/25",1,0.000965670416686785
"zoo","0/0",519505,59.2461949369225
"zoo","0/1",2181,0.248728984624648
"zoo","1/1",162529,18.5353842925536
"zoo","0/2",2144,0.244509373239453
"zoo","1/2",14839,1.69229225256541
"zoo","2/2",83582,9.53198807560631
"zoo","0/3",123,0.0140273567670022
"zoo","1/3",3640,0.415118525462504
"zoo","2/3",11938,1.36145191125587
"zoo","3/3",18544,2.11482360883974
"zoo","1/4",84,0.00957965827990393
"zoo","2/4",24391,2.78163625125163
"zoo","3/4",8791,1.00255685641233
"zoo","4/4",12035,1.37251413569814
"zoo","1/5",5,0.000570217754756186
"zoo","2/5",1237,0.14107187252668
"zoo","3/5",2053,0.23413141010289
"zoo","4/5",4414,0.503388233898761
"zoo","5/5",2947,0.336086344653296
"zoo","1/6",93,0.0106060502384651
"zoo","2/6",3,0.000342130652853712
"zoo","3/6",59,0.006728569506123
"zoo","4/6",213,0.0242912763526135
"zoo","5/6",144,0.0164222713369782
"zoo","6/6",345,0.0393450250781769
"zoo","4/7",16,0.0018246968152198
"zoo","5/7",55,0.00627239530231805
"zoo","6/7",16,0.0018246968152198
"zoo","7/7",222,0.0253176683111747
"zoo","6/8",8,0.000912348407609898
"zoo","7/8",26,0.00296513232473217
"zoo","8/8",192,0.0218963617826376
"zoo","0/9",1,0.000114043550951237
"zoo","7/9",1,0.000114043550951237
"zoo","8/9",7,0.000798304856658661
"zoo","9/9",54,0.00615835175136681
"zoo","4/10",2,0.000228087101902475
"zoo","6/10",2,0.000228087101902475
"zoo","7/10",2,0.000228087101902475
"zoo","8/10",4,0.000456174203804949
"zoo","9/10",9,0.00102639195856114
"zoo","10/10",27,0.00307917587568341
"zoo","7/11",11,0.00125447906046361
"zoo","8/11",5,0.000570217754756186
"zoo","10/11",12,0.00136852261141485
"zoo","11/11",30,0.00342130652853712
"zoo","7/12",3,0.000342130652853712
"zoo","8/12",1,0.000114043550951237
"zoo","9/12",6,0.000684261305707424
"zoo","10/12",1,0.000114043550951237
"zoo","9/13",3,0.000342130652853712
"zoo","13/13",6,0.000684261305707424
"zoo","7/14",11,0.00125447906046361
"zoo","14/14",1,0.000114043550951237
"zoo","1/15",4,0.000456174203804949
"zoo","8/15",6,0.000684261305707424
"zoo","13/15",7,0.000798304856658661
"zoo","15/15",24,0.00273704522282969
"zoo","1/16",2,0.000228087101902475
"zoo","14/16",24,0.00273704522282969
"zoo","15/16",6,0.000684261305707424
"zoo","16/16",31,0.00353535007948836
"zoo","1/17",1,0.000114043550951237
"zoo","15/17",76,0.00866730987229403
"zoo","17/17",24,0.00273704522282969
"zoo","16/18",24,0.00273704522282969
"zoo","18/18",9,0.00102639195856114
"zoo","12/19",1,0.000114043550951237
"zoo","19/19",1,0.000114043550951237
"zoo","1/20",1,0.000114043550951237
"zoo","13/20",3,0.000342130652853712
"zoo","18/20",1,0.000114043550951237
"zoo","14/21",5,0.000570217754756186
"zoo","19/21",2,0.000228087101902475
"zoo","2/22",1,0.000114043550951237
"zoo","14/22",4,0.000456174203804949
"zoo","21/22",21,0.00239491456997598
"zoo","22/22",2,0.000228087101902475
"zoo","20/23",1,0.000114043550951237
"zoo","22/23",3,0.000342130652853712
"zoo","18/34",1,0.000114043550951237
