"name","type","no.of.forces","number","percent_within_type","percent_overall"
"car","NIL",0,5632,37.8978534418949,0.350922667411048
"car","NIL",1,9229,62.1021465581051,0.575047105386464
"car","SYM",0,57445,64.041248606466,3.57932397539554
"car","SYM",1,32255,35.958751393534,2.00976751373284
"car","CLOS",0,0,0,0
"car","CLOS",1,442,100,0.0275404508159949
"car","ENV",0,0,0,0
"car","ENV",1,98,100,0.00610625380083145
"car","PROM",0,11272,34.1389545096614,0.702343804520123
"car","PROM",1,21746,65.8610454903386,1.35496525666205
"car","LANG",0,119575,46.7561057628391,7.45056426769817
"car","LANG",1,136167,53.2438942371609,8.48439042140628
"car","LGL",0,33353,17.4743801999287,2.07818247978705
"car","LGL",1,157515,82.5256198000713,9.81455681059148
"car","INT",0,273,0.518282264494817,0.0170102784451733
"car","INT",1,52401,99.4817177355052,3.26503883078948
"car","REAL",0,45,0.752256770310933,0.0028038920514022
"car","REAL",1,5937,99.2477432296891,0.36992682464833
"car","STR",0,21636,10.4737792451095,1.34811129831418
"car","STR",1,184937,89.5262207548905,11.5231863180037
"car","VEC",0,16356,88.7996090992996,1.01912129761632
"car","VEC",1,2063,11.2003909007004,0.128542873378727
"car","BCODE",0,46807,4.46236538637542,2.91648389444406
"car","BCODE",1,1002121,95.5376346136246,62.4408690320715
"checkmate","NIL",0,896,11.0114292736881,0.115501276830521
"checkmate","NIL",1,7241,88.9885707263119,0.933420474921656
"checkmate","SYM",0,9469,74.1039286273282,1.22062677489755
"checkmate","SYM",1,3309,25.8960713726718,0.426555496687717
"checkmate","CLOS",0,0,0,0
"checkmate","CLOS",1,349,100,0.0449887785868883
"checkmate","ENV",0,5,6.09756097560976,0.000644538375170319
"checkmate","ENV",1,77,93.9024390243902,0.00992589097762292
"checkmate","PROM",0,2757,84.4927980386148,0.355398460068914
"checkmate","PROM",1,506,15.5072019613852,0.0652272835672363
"checkmate","LANG",0,72924,77.7126537223726,9.40046329418407
"checkmate","LANG",1,20914,22.2873462776274,2.69597511566241
"checkmate","LGL",0,10272,15.2335755598398,1.3241396379499
"checkmate","LGL",1,57158,84.7664244401602,7.36810488959702
"checkmate","INT",0,558,9.50596252129472,0.0719304826690076
"checkmate","INT",1,5312,90.4940374787053,0.684757569780947
"checkmate","REAL",0,60,1.54004106776181,0.00773446050204383
"checkmate","REAL",1,3836,98.4599589322382,0.494489841430669
"checkmate","STR",0,6883,4.80334412684234,0.887271527259461
"checkmate","STR",1,136413,95.1966558731577,17.5846826744218
"checkmate","VEC",0,886,93.7566137566138,0.114212200080181
"checkmate","VEC",1,59,6.24338624338624,0.00760555282700977
"checkmate","BCODE",0,28486,5.0057990370084,3.67206403102034
"checkmate","BCODE",1,540574,94.9942009629916,69.684137523864
"colorspace","NIL",0,503,8.004455760662,0.0895408140559497
"colorspace","NIL",1,5781,91.995544239338,1.02909631422951
"colorspace","SYM",0,18240,85.4372570143801,3.24696709419587
"colorspace","SYM",1,3109,14.5627429856199,0.553444117097311
"colorspace","CLOS",0,0,0,0
"colorspace","CLOS",1,271,100,0.0482416711911776
"colorspace","ENV",0,0,0,0
"colorspace","ENV",1,1347,100,0.239784247581241
"colorspace","PROM",0,2710,85.4619993692841,0.482416711911776
"colorspace","PROM",1,461,14.5380006307159,0.0820642450890513
"colorspace","LANG",0,43295,71.4344640971489,7.70709651004441
"colorspace","LANG",1,17313,28.5655359028511,3.08194853628361
"colorspace","LGL",0,9221,18.60122649883,1.64146291532786
"colorspace","LGL",1,40351,81.39877350117,7.1830246281742
"colorspace","INT",0,680,16.8067226890756,0.121049211845021
"colorspace","INT",1,3366,83.1932773109244,0.599193598632856
"colorspace","REAL",0,1424,32.1372150756037,0.253491290687221
"colorspace","REAL",1,3007,67.8627849243963,0.535286735320558
"colorspace","STR",0,14485,14.5819701011728,2.57852622584579
"colorspace","STR",1,84850,85.4180298988272,15.104449448603
"colorspace","VEC",0,2438,91.5852742299023,0.433997027173768
"colorspace","VEC",1,224,8.41472577009767,0.0398750344901247
"colorspace","BCODE",0,17753,4.23267934586948,3.16027449688921
"colorspace","BCODE",1,401674,95.7673206541305,71.5034134097605
"curl","NIL",0,43,13.5220125786164,0.260495547343551
"curl","NIL",1,275,86.4779874213836,1.66595989580178
"curl","SYM",0,119,47.2222222222222,0.720906282183316
"curl","SYM",1,133,52.7777777777778,0.805718785969589
"curl","CLOS",0,1,100,0.00605803598473375
"curl","CLOS",1,0,0,0
"curl","PROM",0,54,34.6153846153846,0.327133943175622
"curl","PROM",1,102,65.3846153846154,0.617919670442842
"curl","LANG",0,769,39.4358974358974,4.65862967226025
"curl","LANG",1,1181,60.5641025641026,7.15454049797056
"curl","LGL",0,208,16.3908589440504,1.26007148482462
"curl","LGL",1,1061,83.6091410559496,6.42757617980251
"curl","INT",0,8,2.7972027972028,0.04846428787787
"curl","INT",1,278,97.2027972027972,1.68413400375598
"curl","REAL",0,2,0.597014925373134,0.0121160719694675
"curl","REAL",1,333,99.4029850746269,2.01732598291634
"curl","STR",0,147,4.83552631578947,0.890531289755861
"curl","STR",1,2893,95.1644736842105,17.5258981038347
"curl","VEC",0,84,91.304347826087,0.508875022717635
"curl","VEC",1,8,8.69565217391304,0.04846428787787
"curl","BCODE",0,122,1.17715167888846,0.739080390137517
"curl","BCODE",1,10242,98.8228483211115,62.0464045556431
"data","NIL",0,438,38.8297872340426,0.593680957479973
"data","NIL",1,690,61.1702127659574,0.935250823427355
"data","SYM",0,973,77.5298804780876,1.31883920463017
"data","SYM",1,282,22.4701195219124,0.382232945226832
"data","ENV",0,0,0,0
"data","ENV",1,3,100,0.00406630792794502
"data","PROM",0,109,55.8974358974359,0.147742521382003
"data","PROM",1,86,44.1025641025641,0.116567493934424
"data","LANG",0,7203,76.2060939483707,9.763205334996
"data","LANG",1,2249,23.7939060516293,3.04837550998279
"data","LGL",0,1312,16.898505924781,1.77833200048796
"data","LGL",1,6452,83.101494075219,8.74527291703376
"data","INT",0,25,3.26370757180157,0.0338858993995419
"data","INT",1,741,96.7362924281984,1.00437805820242
"data","REAL",0,10,1.88323917137476,0.0135543597598167
"data","REAL",1,521,98.1167608286252,0.706182143486452
"data","STR",0,316,2.89191909947836,0.428317768410209
"data","STR",1,10611,97.1080809005216,14.3825311411415
"data","VEC",0,398,98.2716049382716,0.539463518440707
"data","VEC",1,7,1.72839506172839,0.00948805183187172
"data","BCODE",0,2838,5.16309785871523,3.84672729983599
"data","BCODE",1,52129,94.8369021412848,70.6575219919487
"DBI","NIL",0,102,8.6734693877551,0.0984517972279063
"DBI","NIL",1,1074,91.3265306122449,1.03663951198795
"DBI","SYM",0,1359,57.365977205572,1.3117254160071
"DBI","SYM",1,1010,42.634022794428,0.974865835295935
"DBI","CLOS",0,0,0,0
"DBI","CLOS",1,72,100,0.0694953862785221
"DBI","ENV",0,0,0,0
"DBI","ENV",1,34,100,0.0328172657426354
"DBI","PROM",0,283,61.5217391304348,0.273155476622524
"DBI","PROM",1,177,38.4782608695652,0.170842824601367
"DBI","LANG",0,12914,85.0724637681159,12.4647697000116
"DBI","LANG",1,2266,14.9275362318841,2.18717424037682
"DBI","LGL",0,1878,16.230230749287,1.81267132543145
"DBI","LGL",1,9693,83.769769250713,9.35581637774603
"DBI","INT",0,0,0,0
"DBI","INT",1,635,100,0.612910698428632
"DBI","REAL",0,0,0,0
"DBI","REAL",1,347,100,0.334929153314544
"DBI","STR",0,648,4.36334253585617,0.625458476506699
"DBI","STR",1,14203,95.6366574641438,13.7089301571368
"DBI","VEC",0,71,77.1739130434783,0.0685301725802093
"DBI","VEC",1,21,22.8260869565217,0.0202694876645689
"DBI","BCODE",0,5187,6.54469749542616,5.00656345314853
"DBI","BCODE",1,74068,93.4553025045739,71.491448206633
"digest","NIL",0,178,10.7617896009674,0.362097725700802
"digest","NIL",1,1476,89.2382103990327,3.00256316367631
"digest","SYM",0,352,47.891156462585,0.716058423857765
"digest","SYM",1,383,52.108843537415,0.779120387322511
"digest","PROM",0,441,28.4332688588008,0.897107286708166
"digest","PROM",1,1110,71.5667311411992,2.25802514341511
"digest","LANG",0,763,7.81522073133258,1.55213800398714
"digest","LANG",1,9000,92.1847792686674,18.308311973636
"digest","LGL",0,726,13.8628986060722,1.47687049920664
"digest","LGL",1,4511,86.1371013939278,9.17653281256357
"digest","INT",0,124,8.94015861571738,0.252247853858985
"digest","INT",1,1263,91.0598413842826,2.56926644696692
"digest","REAL",0,0,0,0
"digest","REAL",1,2353,100,4.78660645266284
"digest","STR",0,362,7.95954265611258,0.73640099271736
"digest","STR",1,4186,92.0404573438874,8.51539932462671
"digest","VEC",0,76,92.6829268292683,0.154603523332926
"digest","VEC",1,6,7.31707317073171,0.0122055413157574
"digest","BCODE",0,257,1.02284486189604,0.522804019691607
"digest","BCODE",1,24869,98.977155138104,50.5899344969283
"dplyr","NIL",0,5994,11.0129163834126,0.765755867728896
"dplyr","NIL",1,48433,88.9870836165874,6.18749648677238
"dplyr","SYM",0,3340,19.5321637426901,0.426697463832919
"dplyr","SYM",1,13760,80.4678362573099,1.75789134800628
"dplyr","CLOS",0,1,0.0064316953949061,0.000127753731686503
"dplyr","CLOS",1,15547,99.9935683046051,1.98618726653006
"dplyr","ENV",0,1,0.0126550240445457,0.000127753731686503
"dplyr","ENV",1,7901,99.9873449759555,1.00938223405506
"dplyr","PROM",0,3950,69.3469101123596,0.504627240161685
"dplyr","PROM",1,1746,30.6530898876404,0.223058015524633
"dplyr","LANG",0,16011,20.6157292954265,2.04546499803259
"dplyr","LANG",1,61653,79.3842707045736,7.87640081966794
"dplyr","LGL",0,7411,18.7406751801745,0.946782905528671
"dplyr","LGL",1,32134,81.2593248198255,4.10523841401407
"dplyr","INT",0,4133,16.5214262871762,0.528006173060315
"dplyr","INT",1,20883,83.4785737128238,2.66788117880923
"dplyr","REAL",0,50,0.204106625301057,0.00638768658432513
"dplyr","REAL",1,24447,99.7958933746989,3.12319547853993
"dplyr","STR",0,1324,5.04477043246333,0.169145940752929
"dplyr","STR",1,24921,94.9552295675367,3.18375074735933
"dplyr","VEC",0,774,83.4051724137931,0.098881388325353
"dplyr","VEC",1,154,16.5948275862069,0.0196740746797214
"dplyr","BCODE",0,20366,3.69258328528587,2.60183249952731
"dplyr","BCODE",1,531172,96.3074167147141,67.8592051673829
"foreach","NIL",0,2510,9.77642751421672,0.41494118911234
"foreach","NIL",1,23164,90.2235724857833,3.8293616352981
"foreach","SYM",0,127969,99.5302279638804,21.1552227209231
"foreach","SYM",1,604,0.469772036119559,0.0998503897306189
"foreach","PROM",0,15822,99.5971295480297,2.61561732834081
"foreach","PROM",1,64,0.402870451970288,0.0105801737462907
"foreach","LANG",0,3351,3.55091660485324,0.553971284747192
"foreach","LANG",1,91019,96.4490833951468,15.0468255345881
"foreach","LGL",0,19478,37.6146611822413,3.22000975359767
"foreach","LGL",1,32305,62.3853388177587,5.34050801365504
"foreach","INT",0,160,0.440601420939583,0.0264504343657268
"foreach","INT",1,36154,99.5593985790604,5.97680627536555
"foreach","REAL",0,4333,11.7345971563981,0.71631082566684
"foreach","REAL",1,32592,88.2654028436019,5.38795348029856
"foreach","STR",0,112333,92.2486285845679,18.5703540225325
"foreach","STR",1,9439,7.75137141543212,1.5604103123631
"foreach","VEC",0,299,95.5271565495208,0.049429249220952
"foreach","VEC",1,14,4.47284345047923,0.0023144130070011
"foreach","BCODE",0,3011,0.787068138509354,0.497764111720022
"foreach","BCODE",1,379548,99.2129318614906,62.7450591415181
"forecast","NIL",0,7925,28.7085672885347,1.12938554300999
"forecast","NIL",1,19680,71.2914327114653,2.80458138630116
"forecast","SYM",0,16192,56.6193440100706,2.30750923815998
"forecast","SYM",1,12406,43.3806559899294,1.76796934341729
"forecast","CLOS",0,0,0,0
"forecast","CLOS",1,117,100,0.0166735783636807
"forecast","ENV",0,0,0,0
"forecast","ENV",1,43,100,0.00612789632169461
"forecast","PROM",0,4167,22.3659492244109,0.593835906337242
"forecast","PROM",1,14464,77.6340507755891,2.06125331155793
"forecast","LANG",0,27284,52.3343691257145,3.88822147072362
"forecast","LANG",1,24850,47.6656308742855,3.54135403707235
"forecast","LGL",0,9578,23.7998210913428,1.36495327835328
"forecast","LGL",1,30666,76.2001789086572,4.37018764188574
"forecast","INT",0,33,0.430472214975215,0.00470280415385865
"forecast","INT",1,7633,99.5695277850248,1.08777285170918
"forecast","REAL",0,7864,12.5961045617632,1.12069248078619
"forecast","REAL",1,54568,87.4038954382368,7.77644294144724
"forecast","STR",0,7440,15.6750379234788,1.06026857286995
"forecast","STR",1,40024,84.3249620765211,5.70378889254663
"forecast","VEC",0,1313,90.8022130013831,0.187114601636861
"forecast","VEC",1,133,9.19778699861687,0.0189537258322182
"forecast","BCODE",0,10021,1.97596348184444,1.42808486138841
"forecast","BCODE",1,497124,98.0240365181556,70.8447518843281
"Formula","NIL",0,172,15.2753108348135,0.650997312743651
"Formula","NIL",1,954,84.7246891651865,3.61076416486885
"Formula","SYM",0,808,83.1275720164609,3.05817342265622
"Formula","SYM",1,164,16.8724279835391,0.620718367964876
"Formula","PROM",0,245,76.5625,0.927292683849968
"Formula","PROM",1,75,23.4375,0.283865107301011
"Formula","LANG",0,208,9.16703393565447,0.787252564248136
"Formula","LANG",1,2061,90.8329660643455,7.80061314863177
"Formula","LGL",0,226,15.9717314487633,0.855380190000378
"Formula","LGL",1,1189,84.0282685512367,4.50020816774535
"Formula","INT",0,492,33.1313131313131,1.86215510389463
"Formula","INT",1,993,66.8686868686869,3.75837402066538
"Formula","REAL",0,10,0.714796283059328,0.0378486809734681
"Formula","REAL",1,1389,99.2852037169407,5.25718178721472
"Formula","STR",0,157,8.08444902162719,0.594224291283449
"Formula","STR",1,1785,91.9155509783728,6.75598955376405
"Formula","VEC",0,88,90.7216494845361,0.333068392566519
"Formula","VEC",1,9,9.27835051546392,0.0340638128761213
"Formula","BCODE",0,123,0.686230752064271,0.465538775973657
"Formula","BCODE",1,17801,99.3137692479357,67.3744370008705
"gdata","NIL",0,69,17.1641791044776,0.395189003436426
"gdata","NIL",1,333,82.8358208955224,1.90721649484536
"gdata","SYM",0,400,73.9371534195933,2.29095074455899
"gdata","SYM",1,141,26.0628465804067,0.807560137457045
"gdata","PROM",0,166,67.2064777327935,0.950744558991982
"gdata","PROM",1,81,32.7935222672065,0.463917525773196
"gdata","LANG",0,599,33.5198656966984,3.43069873997709
"gdata","LANG",1,1188,66.4801343033016,6.80412371134021
"gdata","LGL",0,470,22.2432560340748,2.69186712485682
"gdata","LGL",1,1643,77.7567439659252,9.41008018327606
"gdata","INT",0,54,17.2523961661342,0.309278350515464
"gdata","INT",1,259,82.7476038338658,1.48339060710195
"gdata","REAL",0,2,0.809716599190283,0.011454753722795
"gdata","REAL",1,245,99.1902834008097,1.40320733104238
"gdata","STR",0,168,5.81314878892734,0.962199312714777
"gdata","STR",1,2722,94.1868512110727,15.5899198167239
"gdata","VEC",0,94,87.037037037037,0.538373424971363
"gdata","VEC",1,14,12.962962962963,0.0801832760595647
"gdata","BCODE",0,172,1.56306797528172,0.985108820160367
"gdata","BCODE",1,10832,98.4369320247183,62.0389461626575
"ggplot2","NIL",0,115,4.10128388017118,0.0879749692087608
"ggplot2","NIL",1,2689,95.8987161198288,2.0570842800205
"ggplot2","SYM",0,2778,79.5077275329136,2.12516925619076
"ggplot2","SYM",1,716,20.4922724670864,0.547739808291067
"ggplot2","CLOS",0,0,0,0
"ggplot2","CLOS",1,10,100,0.00764999732250094
"ggplot2","ENV",0,23,92,0.0175949938417522
"ggplot2","ENV",1,2,8,0.00152999946450019
"ggplot2","PROM",0,578,70.7466340269278,0.442169845240554
"ggplot2","PROM",1,239,29.2533659730722,0.182834936007772
"ggplot2","LANG",0,8208,62.0408163265306,6.27911780230877
"ggplot2","LANG",1,5022,37.9591836734694,3.84182865535997
"ggplot2","LGL",0,2206,17.9890728206801,1.68758940934371
"ggplot2","LGL",1,10057,82.0109271793199,7.69360230723919
"ggplot2","INT",0,84,5.84958217270195,0.0642599775090079
"ggplot2","INT",1,1352,94.1504178272981,1.03427963800213
"ggplot2","REAL",0,14,1.31826741996234,0.0107099962515013
"ggplot2","REAL",1,1048,98.6817325800377,0.801719719398098
"ggplot2","STR",0,1146,5.05246450930253,0.876689693158607
"ggplot2","STR",1,21536,94.9475354906975,16.475034233738
"ggplot2","VEC",0,745,93.3583959899749,0.56992480052632
"ggplot2","VEC",1,53,6.64160401002506,0.040544985809255
"ggplot2","BCODE",0,2121,2.35368533191291,1.62256443210245
"ggplot2","BCODE",1,87993,97.6463146680871,67.3146214398825
"gridExtra","NIL",0,6232,17.1803495616695,0.416915308391558
"gridExtra","NIL",1,30042,82.8196504383305,2.00978332713402
"gridExtra","SYM",0,155233,86.8368351569667,10.3849509094266
"gridExtra","SYM",1,23531,13.1631648430333,1.57420316459592
"gridExtra","CLOS",0,0,0,0
"gridExtra","CLOS",1,118,100,0.00789409601896724
"gridExtra","ENV",0,12,66.6666666666667,0.000802789425657685
"gridExtra","ENV",1,6,33.3333333333333,0.000401394712828843
"gridExtra","PROM",0,28557,75.5116611137554,1.91043813570888
"gridExtra","PROM",1,9261,24.4883388862446,0.619552739251319
"gridExtra","LANG",0,39463,25.8561834561835,2.6400399253941
"gridExtra","LANG",1,113162,74.1438165438165,7.57043808218958
"gridExtra","LGL",0,52778,29.6149572985287,3.53080169228011
"gridExtra","LGL",1,125436,70.3850427014713,8.39155786639978
"gridExtra","INT",0,1953,4.89817415730337,0.130653979025788
"gridExtra","INT",1,37919,95.1018258426966,2.53674768595948
"gridExtra","REAL",0,17618,43.8717067583047,1.17862867510309
"gridExtra","REAL",1,22540,56.1282932416953,1.50790613786035
"gridExtra","STR",0,115430,64.6481957535942,7.72216528363888
"gridExtra","STR",1,63121,35.3518042464058,4.22273927807823
"gridExtra","VEC",0,39950,88.0984409111959,2.67261979625204
"gridExtra","VEC",1,5397,11.9015590888041,0.361054544189544
"gridExtra","BCODE",0,28709,2.62671769623985,1.92060680176721
"gridExtra","BCODE",1,1064252,97.3732823037601,71.1975209862536
"highr","NIL",0,52,29.3785310734463,0.643644015348434
"highr","NIL",1,125,70.6214689265537,1.54722119074143
"highr","SYM",0,406,71.4788732394366,5.02537442752816
"highr","SYM",1,162,28.5211267605634,2.00519866320089
"highr","PROM",0,9,3.515625,0.111399925733383
"highr","PROM",1,247,96.484375,3.05730907290506
"highr","LANG",0,124,13.4929270946681,1.5348434212155
"highr","LANG",1,795,86.5070729053319,9.84032677311548
"highr","LGL",0,223,18.3539094650206,2.76024260428271
"highr","LGL",1,992,81.6460905349794,12.278747369724
"highr","INT",0,0,0,0
"highr","INT",1,506,100,6.2631513801213
"highr","REAL",0,5,2.79329608938547,0.0618888476296571
"highr","REAL",1,174,97.2067039106145,2.15373189751207
"highr","STR",0,56,9.44350758853288,0.69315509345216
"highr","STR",1,537,90.5564924114671,6.64686223542518
"highr","VEC",0,354,98.8826815642458,4.38173041217973
"highr","VEC",1,4,1.11731843575419,0.0495110781037257
"highr","BCODE",0,61,1.3272410791993,0.755043941081817
"highr","BCODE",1,4535,98.6727589208007,56.133184800099
"htmlwidgets","NIL",0,43,11.025641025641,0.16578632841115
"htmlwidgets","NIL",1,347,88.974358974359,1.33785711531789
"htmlwidgets","SYM",0,288,44.3759630200308,1.11038285075375
"htmlwidgets","SYM",1,361,55.6240369799692,1.39183405945175
"htmlwidgets","PROM",0,513,69.7010869565217,1.97786945290512
"htmlwidgets","PROM",1,223,30.2989130434783,0.859775610132243
"htmlwidgets","LANG",0,1184,53.1179901301032,4.56490727532097
"htmlwidgets","LANG",1,1045,46.8820098698968,4.0289933299919
"htmlwidgets","LGL",0,255,14.2219743446737,0.983151482438216
"htmlwidgets","LGL",1,1538,85.7780256553263,5.92975286270579
"htmlwidgets","INT",0,8,2.15633423180593,0.030843968076493
"htmlwidgets","INT",1,363,97.8436657681941,1.39954505147087
"htmlwidgets","REAL",0,0,0,0
"htmlwidgets","REAL",1,295,100,1.13737132282068
"htmlwidgets","STR",0,177,3.52098667197135,0.682422793692409
"htmlwidgets","STR",1,4850,96.4790133280286,18.6991556463739
"htmlwidgets","VEC",0,123,96.09375,0.47422600917608
"htmlwidgets","VEC",1,5,3.90625,0.0192774800478081
"htmlwidgets","BCODE",0,368,2.13024602026049,1.41882253151868
"htmlwidgets","BCODE",1,16907,97.8697539797395,65.1848710336585
"iterators","NIL",0,23,14.2857142857143,0.442648190916089
"iterators","NIL",1,138,85.7142857142857,2.65588914549654
"iterators","SYM",0,241,88.2783882783883,4.63818321785989
"iterators","SYM",1,32,11.7216117216117,0.615858352578907
"iterators","PROM",0,12,85.7142857142857,0.23094688221709
"iterators","PROM",1,2,14.2857142857143,0.0384911470361817
"iterators","LANG",0,140,46.3576158940397,2.69438029253272
"iterators","LANG",1,162,53.6423841059603,3.11778290993072
"iterators","LGL",0,92,19.327731092437,1.77059276366436
"iterators","LGL",1,384,80.672268907563,7.39030023094688
"iterators","INT",0,0,0,0
"iterators","INT",1,52,100,1.00076982294072
"iterators","REAL",0,5,5.37634408602151,0.0962278675904542
"iterators","REAL",1,88,94.6236559139785,1.69361046959199
"iterators","STR",0,239,22.2739981360671,4.59969207082371
"iterators","STR",1,834,77.7260018639329,16.0508083140878
"iterators","VEC",0,21,84,0.404157043879908
"iterators","VEC",1,4,16,0.0769822940723634
"iterators","BCODE",0,60,1.68634064080944,1.15473441108545
"iterators","BCODE",1,3498,98.3136593591906,67.3210161662818
"jsonlite","NIL",0,42,11.5384615384615,0.149946447697251
"jsonlite","NIL",1,322,88.4615384615385,1.14958943234559
"jsonlite","SYM",0,240,40.4040404040404,0.856836843984291
"jsonlite","SYM",1,354,59.5959595959596,1.26383434487683
"jsonlite","CLOS",0,0,0,0
"jsonlite","CLOS",1,1,100,0.00357015351660121
"jsonlite","ENV",0,0,0,0
"jsonlite","ENV",1,1,100,0.00357015351660121
"jsonlite","PROM",0,276,72.8232189973615,0.985362370581935
"jsonlite","PROM",1,103,27.1767810026385,0.367725812209925
"jsonlite","LANG",0,1368,58.7628865979381,4.88397001071046
"jsonlite","LANG",1,960,41.2371134020619,3.42734737593717
"jsonlite","LGL",0,386,19.1183754333829,1.37807925740807
"jsonlite","LGL",1,1633,80.8816245666171,5.83006069260978
"jsonlite","INT",0,1,0.333333333333333,0.00357015351660121
"jsonlite","INT",1,299,99.6666666666667,1.06747590146376
"jsonlite","REAL",0,0,0,0
"jsonlite","REAL",1,250,100,0.892538379150303
"jsonlite","STR",0,172,2.91081401252327,0.614066404855409
"jsonlite","STR",1,5737,97.0891859874767,20.4819707247412
"jsonlite","VEC",0,105,92.9203539823009,0.374866119243127
"jsonlite","VEC",1,8,7.07964601769912,0.0285612281328097
"jsonlite","BCODE",0,457,2.43162711503671,1.63156015708675
"jsonlite","BCODE",1,18337,97.5683728849633,65.4659050339165
"knitr","NIL",0,105,24.3619489559165,0.431441837531331
"knitr","NIL",1,326,75.6380510440835,1.33952418128775
"knitr","SYM",0,1223,83.481228668942,5.02527016476969
"knitr","SYM",1,242,16.518771331058,0.994370711262686
"knitr","PROM",0,46,22.7722772277228,0.189012614537535
"knitr","PROM",1,156,77.2277227722772,0.64099930147512
"knitr","LANG",0,875,47.0683162990855,3.59534864609442
"knitr","LANG",1,984,52.9316837009145,4.04322636315076
"knitr","LGL",0,294,16.8192219679634,1.20803714508773
"knitr","LGL",1,1454,83.1807780320366,5.97444220733862
"knitr","INT",0,50,10.8932461873638,0.205448494062539
"knitr","INT",1,409,89.1067538126362,1.68056868143157
"knitr","REAL",0,41,18.6363636363636,0.168467765131282
"knitr","REAL",1,179,81.3636363636364,0.735505608743888
"knitr","STR",0,1205,19.0966719492868,4.95130870690718
"knitr","STR",1,5105,80.9033280507132,20.9762912437852
"knitr","VEC",0,148,83.6158192090395,0.608127542425114
"knitr","VEC",1,29,16.3841807909605,0.119160126556272
"knitr","BCODE",0,215,1.3724864347271,0.883428524468916
"knitr","BCODE",1,15450,98.6275135652729,63.4835846653244
"lazyeval","NIL",0,46,14.6031746031746,0.292397660818713
"lazyeval","NIL",1,269,85.3968253968254,1.70989066870074
"lazyeval","SYM",0,1274,88.2271468144044,8.09814391050089
"lazyeval","SYM",1,170,11.7728531855956,1.08060005085177
"lazyeval","PROM",0,39,22.4137931034483,0.24790236460717
"lazyeval","PROM",1,135,77.5862068965517,0.85812356979405
"lazyeval","LANG",0,1024,56.9521690767519,6.50902618866006
"lazyeval","LANG",1,774,43.0478309232481,4.91990846681922
"lazyeval","LGL",0,195,14.6067415730337,1.23951182303585
"lazyeval","LGL",1,1140,85.3932584269663,7.2463768115942
"lazyeval","INT",0,0,0,0
"lazyeval","INT",1,309,100,1.96414950419527
"lazyeval","REAL",0,15,10.7142857142857,0.09534706331045
"lazyeval","REAL",1,125,89.2857142857143,0.794558860920417
"lazyeval","STR",0,1159,30.9149106428381,7.36714975845411
"lazyeval","STR",1,2590,69.0850893571619,16.463259598271
"lazyeval","VEC",0,87,75.6521739130435,0.55301296720061
"lazyeval","VEC",1,28,24.3478260869565,0.177981184846173
"lazyeval","BCODE",0,209,2.00980863544572,1.32850241545894
"lazyeval","BCODE",1,10190,97.9901913645543,64.7724383422324
"lubridate","NIL",0,289,14.2154451549434,0.157641809444326
"lubridate","NIL",1,1744,85.7845548450566,0.951305590556765
"lubridate","SYM",0,4190,68.6097920419191,2.28553350024819
"lubridate","SYM",1,1917,31.3902079580809,1.04567248686773
"lubridate","CLOS",0,0,0,0
"lubridate","CLOS",1,223,100,0.121640565764999
"lubridate","ENV",0,1,0.444444444444444,0.000545473389080714
"lubridate","ENV",1,224,99.5555555555556,0.12218603915408
"lubridate","PROM",0,418,40.9803921568627,0.228007876635738
"lubridate","PROM",1,602,59.0196078431373,0.32837498022659
"lubridate","LANG",0,24177,83.2312035251997,13.1879101278044
"lubridate","LANG",1,4871,16.7687964748003,2.65700087821216
"lubridate","LGL",0,4705,17.776854195791,2.56645229562476
"lubridate","LGL",1,21762,82.223145804209,11.8705918931745
"lubridate","INT",0,26,1.47979510529311,0.0141823081160986
"lubridate","INT",1,1731,98.5202048947069,0.944214436498715
"lubridate","REAL",0,268,21.2193190815519,0.146186868273631
"lubridate","REAL",1,995,78.7806809184481,0.54274602213531
"lubridate","STR",0,1961,8.70510942424646,1.06967331598728
"lubridate","STR",1,20566,91.2948905757535,11.218205719834
"lubridate","VEC",0,498,96.3249516441006,0.271645747762195
"lubridate","VEC",1,19,3.67504835589942,0.0103639943925336
"lubridate","BCODE",0,9711,7.01748047086709,5.29709208136281
"lubridate","BCODE",1,128672,92.9825195291329,70.1871519197936
"magrittr","NIL",0,70,21.021021021021,0.364811340421097
"magrittr","NIL",1,263,78.978978978979,1.37064832186783
"magrittr","SYM",0,1231,74.6060606060606,6.41546800083385
"magrittr","SYM",1,419,25.3939393939394,2.18365645194914
"magrittr","PROM",0,25,10.2040816326531,0.130289764436106
"magrittr","PROM",1,220,89.7959183673469,1.14654992703773
"magrittr","LANG",0,710,39.2916436081904,3.70022930998541
"magrittr","LANG",1,1097,60.7083563918096,5.71711486345633
"magrittr","LGL",0,441,19.7846567967699,2.29831144465291
"magrittr","LGL",1,1788,80.2153432032301,9.31832395247029
"magrittr","INT",0,32,6.47773279352227,0.166770898478216
"magrittr","INT",1,462,93.5222672064777,2.40775484677924
"magrittr","REAL",0,4,1.53846153846154,0.0208463623097769
"magrittr","REAL",1,256,98.4615384615385,1.33416718782572
"magrittr","STR",0,1155,27.6845637583893,6.01938711694809
"magrittr","STR",1,3017,72.3154362416107,15.7233687721493
"magrittr","VEC",0,172,85.1485148514851,0.896393579320409
"magrittr","VEC",1,30,14.8514851485149,0.156347717323327
"magrittr","BCODE",0,184,1.55681529740249,0.958932666249739
"magrittr","BCODE",1,11635,98.4431847025975,60.6368563685637
"markdown","NIL",0,125,27.292576419214,0.950498060983956
"markdown","NIL",1,333,72.707423580786,2.53212683446126
"markdown","SYM",0,222,58.4210526315789,1.68808455630751
"markdown","SYM",1,158,41.5789473684211,1.20142954908372
"markdown","PROM",0,25,55.5555555555556,0.190099612196791
"markdown","PROM",1,20,44.4444444444444,0.152079689757433
"markdown","LANG",0,929,66.2152530292231,7.06410158923276
"markdown","LANG",1,474,33.7847469707769,3.60428864725116
"markdown","LGL",0,283,18.5939553219448,2.15192761006768
"markdown","LGL",1,1239,81.4060446780552,9.42133678047297
"markdown","INT",0,0,0,0
"markdown","INT",1,115,100,0.874458216105239
"markdown","REAL",0,3,2.5,0.0228119534636149
"markdown","REAL",1,117,97.5,0.889666185080982
"markdown","STR",0,252,9.99603332011107,1.91620409094365
"markdown","STR",1,2269,90.0039666798889,17.2534408029808
"markdown","VEC",0,45,84.9056603773585,0.342179301954224
"markdown","VEC",1,8,15.0943396226415,0.0608318759029732
"markdown","BCODE",0,279,3.20874065554917,2.12151167211619
"markdown","BCODE",1,8416,96.7912593444508,63.9951334499278
"mvtnorm","NIL",0,435,44.3877551020408,0.89596506766081
"mvtnorm","NIL",1,545,55.6122448979592,1.12253094683941
"mvtnorm","SYM",0,2975,72.5786777262747,6.12757718687566
"mvtnorm","SYM",1,1124,27.4213222737253,2.31509134724311
"mvtnorm","PROM",0,129,28.7946428571429,0.265699985582171
"mvtnorm","PROM",1,319,71.2053571428571,0.657041049617928
"mvtnorm","LANG",0,729,12.6672458731538,1.50151387201088
"mvtnorm","LANG",1,5026,87.3327541268462,10.3520009886511
"mvtnorm","LGL",0,1515,22.1232476635514,3.12043006323248
"mvtnorm","LGL",1,5333,77.8767523364486,10.9843257605405
"mvtnorm","INT",0,45,3.22812051649928,0.0926860414821528
"mvtnorm","INT",1,1349,96.7718794835007,2.77852155465387
"mvtnorm","REAL",0,121,9.77382875605816,0.249222467096455
"mvtnorm","REAL",1,1117,90.2261712439418,2.3006735185681
"mvtnorm","STR",0,2173,30.8270676691729,4.47570595868262
"mvtnorm","STR",1,4876,69.1729323308271,10.0430475170439
"mvtnorm","VEC",0,711,87.9950495049505,1.46443945541801
"mvtnorm","VEC",1,97,12.0049504950495,0.199789911639307
"mvtnorm","BCODE",0,694,2.35589653065381,1.42942472863587
"mvtnorm","BCODE",1,28764,97.6441034693462,59.2449177153921
"nloptr","NIL",0,181,22.4009900990099,1.16077727185275
"nloptr","NIL",1,627,77.5990099009901,4.02103507984352
"nloptr","SYM",0,809,71.8472468916519,5.18822548579491
"nloptr","SYM",1,317,28.1527531083481,2.03296350926698
"nloptr","PROM",0,305,39.5590142671855,1.95600590008337
"nloptr","PROM",1,466,60.4409857328145,2.98852048996345
"nloptr","LANG",0,124,12.156862745098,0.795228628230616
"nloptr","LANG",1,896,87.843137254902,5.74616815237607
"nloptr","LGL",0,206,12.8348909657321,1.3211056243186
"nloptr","LGL",1,1399,87.1651090342679,8.97197460398897
"nloptr","INT",0,28,4.91228070175439,0.179567754761752
"nloptr","INT",1,542,95.0877192982456,3.47591868145963
"nloptr","REAL",0,0,0,0
"nloptr","REAL",1,507,100,3.25145898800744
"nloptr","STR",0,351,12.540192926045,2.25101006862053
"nloptr","STR",1,2448,87.459807073955,15.699352273456
"nloptr","VEC",0,365,99.1847826086957,2.34079394600141
"nloptr","VEC",1,3,0.815217391304348,0.019239402295902
"nloptr","BCODE",0,247,2.86078295112347,1.5840441223626
"nloptr","BCODE",1,8387,97.1392170488765,53.7869556852434
"quantreg","NIL",0,932,18.47739888977,0.119809590166358
"quantreg","NIL",1,4112,81.52260111023,0.52860196863097
"quantreg","SYM",0,12773,84.6398515671592,1.64198272016619
"quantreg","SYM",1,2318,15.3601484328408,0.297981362666972
"quantreg","CLOS",0,0,0,0
"quantreg","CLOS",1,582,100,0.0748167183227686
"quantreg","ENV",0,0,0,0
"quantreg","ENV",1,472,100,0.0606761014576405
"quantreg","PROM",0,3488,77.3735581188997,0.44838610568697
"quantreg","PROM",1,1020,22.6264418811003,0.13112208365846
"quantreg","LANG",0,73774,78.5147187160767,9.48372607825417
"quantreg","LANG",1,20188,21.4852812839233,2.59518884793823
"quantreg","LGL",0,11217,16.7053882584219,1.44195726705583
"quantreg","LGL",1,55929,83.2946117415781,7.18973236954317
"quantreg","INT",0,15,0.334075723830735,0.00192826593615383
"quantreg","INT",1,4475,99.6659242761693,0.575266004285892
"quantreg","REAL",0,266,10.6741573033708,0.0341945826011279
"quantreg","REAL",1,2226,89.3258426966292,0.286154664925228
"quantreg","STR",0,9589,6.22080651858003,1.23267613745194
"quantreg","STR",1,144555,93.77919348142,18.5826988267145
"quantreg","VEC",0,933,91.11328125,0.119938141228768
"quantreg","VEC",1,91,8.88671875,0.0116981466793332
"quantreg","BCODE",0,28127,4.93405068598163,3.61575573241325
"quantreg","BCODE",1,541932,95.0659493140184,69.6659343541145
"R6","NIL",0,840,8.27341672412095,0.0858066592096594
"R6","NIL",1,9313,91.7265832758791,0.951330258594712
"R6","SYM",0,26196,43.7204799973296,2.67594195792409
"R6","SYM",1,33721,56.2795200026704,3.44462661334396
"R6","CLOS",0,0,0,0
"R6","CLOS",1,786,100,0.0802905168318956
"R6","ENV",0,8,1.69133192389006,0.000817206278187232
"R6","ENV",1,465,98.3086680761099,0.0475001149196329
"R6","PROM",0,8835,86.2877234104893,0.902502183473025
"R6","PROM",1,1404,13.7122765895107,0.143419701821859
"R6","LANG",0,103611,76.199126303558,10.5839449611572
"R6","LANG",1,32363,23.800873696442,3.30590584762167
"R6","LGL",0,23532,21.9500592312069,2.40381226728774
"R6","LGL",1,83675,78.0499407687931,8.54746691591458
"R6","INT",0,388,4.97499679446083,0.0396345044920808
"R6","INT",1,7411,95.0250032055392,0.757039465955697
"R6","REAL",0,1140,14.0758118286208,0.116451894641681
"R6","REAL",1,6959,85.9241881713792,0.710867311238119
"R6","STR",0,12671,7.56459547234693,1.2943525938638
"R6","STR",1,154833,92.4354045276531,15.8163124588205
"R6","VEC",0,1203,90.2475618904726,0.122887394082405
"R6","VEC",1,130,9.75243810952738,0.0132796020205425
"R6","BCODE",0,35457,5.18882420602517,3.62196037571059
"R6","BCODE",1,647877,94.8111757939748,66.1811439866387
"R6","S4",0,1351,99.7047970479705,0.138005710228869
"R6","S4",1,4,0.29520295202952,0.000408603139093616
"RcppArmadillo","NIL",0,3480,22.7198537572632,0.307244887418587
"RcppArmadillo","NIL",1,11837,77.2801462427368,1.04507406102696
"RcppArmadillo","SYM",0,19904,60.0186955341797,1.75729949401711
"RcppArmadillo","SYM",1,13259,39.9813044658203,1.17062067881697
"RcppArmadillo","CLOS",0,0,0,0
"RcppArmadillo","CLOS",1,3879,100,0.342472102958821
"RcppArmadillo","ENV",0,0,0,0
"RcppArmadillo","ENV",1,2167,100,0.191321744550597
"RcppArmadillo","PROM",0,6322,68.7323331158948,0.558161545477099
"RcppArmadillo","PROM",1,2876,31.2676668841052,0.253918475924096
"RcppArmadillo","LANG",0,104386,55.8195993711432,9.21611057990707
"RcppArmadillo","LANG",1,82620,44.1804006288568,7.29441741336886
"RcppArmadillo","LGL",0,22407,18.2869501346609,1.97828626218054
"RcppArmadillo","LGL",1,100123,81.7130498653391,8.8397355928193
"RcppArmadillo","INT",0,163,0.737356373835158,0.0143910680026522
"RcppArmadillo","INT",1,21943,99.2626436261648,1.93732027719139
"RcppArmadillo","REAL",0,2655,30.2357362487188,0.234406659797801
"RcppArmadillo","REAL",1,6126,69.7642637512812,0.540856948369616
"RcppArmadillo","STR",0,14783,8.72271753689291,1.30517275020373
"RcppArmadillo","STR",1,154694,91.2772824631071,13.6577415558422
"RcppArmadillo","VEC",0,2853,88.0283863005245,0.25188783442679
"RcppArmadillo","VEC",1,388,11.9716136994755,0.0342560391719574
"RcppArmadillo","BCODE",0,41866,5.40486109587025,3.6962972576628
"RcppArmadillo","BCODE",1,732733,94.5951389041298,64.6920885324377
"RcppArmadillo","S4",0,332,100,0.0293118685698192
"RcppArmadillo","S4",1,0,0,0
"RcppEigen","NIL",0,2,18.1818181818182,2.89855072463768
"RcppEigen","NIL",1,9,81.8181818181818,13.0434782608696
"RcppEigen","SYM",0,1,33.3333333333333,1.44927536231884
"RcppEigen","SYM",1,2,66.6666666666667,2.89855072463768
"RcppEigen","LANG",0,4,33.3333333333333,5.79710144927536
"RcppEigen","LANG",1,8,66.6666666666667,11.5942028985507
"RcppEigen","LGL",0,0,0,0
"RcppEigen","LGL",1,3,100,4.34782608695652
"RcppEigen","REAL",0,1,33.3333333333333,1.44927536231884
"RcppEigen","REAL",1,2,66.6666666666667,2.89855072463768
"RcppEigen","STR",0,9,60,13.0434782608696
"RcppEigen","STR",1,6,40,8.69565217391304
"RcppEigen","BCODE",0,0,0,0
"RcppEigen","BCODE",1,38,100,55.0724637681159
"Rcpp","NIL",0,734,28.1765834932821,0.683267395857575
"Rcpp","NIL",1,1871,71.8234165067178,1.74168024202932
"Rcpp","SYM",0,1559,57.7193631988153,1.45124505468932
"Rcpp","SYM",1,1142,42.2806368011847,1.06306725622527
"Rcpp","CLOS",0,0,0,0
"Rcpp","CLOS",1,228,100,0.212241098440773
"Rcpp","ENV",0,2,1.8348623853211,0.00186176402141029
"Rcpp","ENV",1,107,98.1651376146789,0.0996043751454503
"Rcpp","PROM",0,185,39.4456289978678,0.172213171980451
"Rcpp","PROM",1,284,60.5543710021322,0.264370491040261
"Rcpp","LANG",0,7472,59.8094933162571,6.95555038398883
"Rcpp","LANG",1,5021,40.1905066837429,4.67395857575052
"Rcpp","LGL",0,1724,13.8752515090543,1.60484058645567
"Rcpp","LGL",1,10701,86.1247484909457,9.96136839655574
"Rcpp","INT",0,8,0.549828178694158,0.00744705608564114
"Rcpp","INT",1,1447,99.4501718213058,1.34698626949034
"Rcpp","REAL",0,33,4.73457675753228,0.0307191063532697
"Rcpp","REAL",1,664,95.2654232424677,0.618105655108215
"Rcpp","STR",0,735,4.60901737003825,0.68419827786828
"Rcpp","STR",1,15212,95.3909826299618,14.1605771468466
"Rcpp","VEC",0,502,83.9464882943144,0.467302769373982
"Rcpp","VEC",1,96,16.0535117056856,0.0893646730276937
"Rcpp","BCODE",0,3109,4.21547890226706,2.89411217128229
"Rcpp","BCODE",1,70643,95.7845210977329,65.7602978822434
"readr","NIL",0,335,13.4430176565008,0.558240293284453
"readr","NIL",1,2157,86.5569823434992,3.5944009331778
"readr","SYM",0,534,53.2934131736527,0.889851691384769
"readr","SYM",1,468,46.7065868263473,0.779870021663056
"readr","CLOS",0,0,0,0
"readr","CLOS",1,14,100,0.0233294450924846
"readr","ENV",0,0,0,0
"readr","ENV",1,7,100,0.0116647225462423
"readr","PROM",0,198,49.1315136476427,0.329945009165139
"readr","PROM",1,205,50.8684863523573,0.341609731711381
"readr","LANG",0,1283,25.66,2.13797700383269
"readr","LANG",1,3717,74.34,6.19396767205466
"readr","LGL",0,855,16.5473195277724,1.42476253957674
"readr","LGL",1,4312,83.4526804722276,7.18546908848525
"readr","INT",0,96,6,0.159973337777037
"readr","INT",1,1504,94,2.50624895850692
"readr","REAL",0,25,1.90548780487805,0.0416597233794368
"readr","REAL",1,1287,98.094512195122,2.1446425595734
"readr","STR",0,663,8.27199001871491,1.10481586402266
"readr","STR",1,7352,91.7280099812851,12.2512914514248
"readr","VEC",0,223,90.650406504065,0.371604732544576
"readr","VEC",1,23,9.34959349593496,0.0383269455090818
"readr","BCODE",0,702,1.76986688180718,1.16980503249458
"readr","BCODE",1,38962,98.2301331181928,64.9258456923846
"readxl","NIL",0,1001,17.3453474267891,0.88501834578489
"readxl","NIL",1,4770,82.6546525732109,4.21732018920472
"readxl","SYM",0,1828,49.727965179543,1.61619733875602
"readxl","SYM",1,1848,50.272034820457,1.63388002298749
"readxl","CLOS",0,0,0,0
"readxl","CLOS",1,624,100,0.55169974802175
"readxl","ENV",0,0,0,0
"readxl","ENV",1,312,100,0.275849874010875
"readxl","PROM",0,445,42.9951690821256,0.393439724150126
"readxl","PROM",1,590,57.0048309178744,0.521639184828257
"readxl","LANG",0,1587,11.6863033873343,1.40312099376685
"readxl","LANG",1,11993,88.3136966126657,10.6034215993988
"readxl","LGL",0,1362,14.7690305790501,1.20419079616286
"readxl","LGL",1,7860,85.2309694209499,6.94929490296627
"readxl","INT",0,71,1.40150019739439,0.0627735290217055
"readxl","INT",1,4995,98.5984998026056,4.41625038680872
"readxl","REAL",0,502,17.6822824938359,0.443835374209805
"readxl","REAL",1,2337,82.3177175061641,2.06622165244684
"readxl","STR",0,1246,13.6817832436587,1.10163122762035
"readxl","STR",1,7861,86.3182167563413,6.95017903717784
"readxl","VEC",0,1303,98.7121212121212,1.15202687768003
"readxl","VEC",1,17,1.28787878787879,0.0150302815967464
"readxl","BCODE",0,1084,1.52719075795999,0.958401485345475
"readxl","BCODE",1,69896,98.47280924204,61.7974448521286
"rlang","NIL",0,19,15.8333333333333,0.324675324675325
"rlang","NIL",1,101,84.1666666666667,1.72590567327409
"rlang","SYM",0,56,35.8974358974359,0.956937799043062
"rlang","SYM",1,100,64.1025641025641,1.70881749829118
"rlang","PROM",0,1,5.26315789473684,0.0170881749829118
"rlang","PROM",1,18,94.7368421052632,0.307587149692413
"rlang","LANG",0,583,75.032175032175,9.96240601503759
"rlang","LANG",1,194,24.967824967825,3.31510594668489
"rlang","LGL",0,124,17.8674351585014,2.11893369788107
"rlang","LGL",1,570,82.1325648414986,9.74025974025974
"rlang","INT",0,0,0,0
"rlang","INT",1,51,100,0.871496924128503
"rlang","REAL",0,0,0,0
"rlang","REAL",1,45,100,0.768967874231032
"rlang","STR",0,46,4.8936170212766,0.786056049213944
"rlang","STR",1,894,95.1063829787234,15.2768284347232
"rlang","VEC",0,25,83.3333333333333,0.427204374572796
"rlang","VEC",1,5,16.6666666666667,0.0854408749145591
"rlang","BCODE",0,96,2.41874527588813,1.64046479835954
"rlang","BCODE",1,3873,97.5812547241119,66.1825017088175
"rprojroot","NIL",0,12,14.2857142857143,0.350672121566335
"rprojroot","NIL",1,72,85.7142857142857,2.10403272939801
"rprojroot","SYM",0,41,53.2467532467532,1.19812974868498
"rprojroot","SYM",1,36,46.7532467532468,1.05201636469901
"rprojroot","PROM",0,2,25,0.0584453535943892
"rprojroot","PROM",1,6,75,0.175336060783168
"rprojroot","LANG",0,155,43.1754874651811,4.52951490356517
"rprojroot","LANG",1,204,56.8245125348189,5.9614260666277
"rprojroot","LGL",0,72,24.4067796610169,2.10403272939801
"rprojroot","LGL",1,223,75.593220338983,6.5166569257744
"rprojroot","INT",0,6,11.1111111111111,0.175336060783168
"rprojroot","INT",1,48,88.8888888888889,1.40268848626534
"rprojroot","REAL",0,0,0,0
"rprojroot","REAL",1,42,100,1.22735242548217
"rprojroot","STR",0,46,9.34959349593496,1.34424313267095
"rprojroot","STR",1,446,90.650406504065,13.0333138515488
"rprojroot","VEC",0,8,80,0.233781414377557
"rprojroot","VEC",1,2,20,0.0584453535943892
"rprojroot","BCODE",0,37,1.55527532576713,1.0812390414962
"rprojroot","BCODE",1,2342,98.4447246742329,68.4395090590298
"RSQLite","NIL",0,84,4.6875,0.0588466065123578
"RSQLite","NIL",1,1708,95.3125,1.19654766575128
"RSQLite","SYM",0,2093,58.3821478382148,1.46626127893291
"RSQLite","SYM",1,1492,41.6178521617852,1.04522782043378
"RSQLite","CLOS",0,0,0,0
"RSQLite","CLOS",1,233,100,0.16322927758785
"RSQLite","ENV",0,0,0,0
"RSQLite","ENV",1,221,100,0.154822619514656
"RSQLite","PROM",0,408,68.1135225375626,0.285826374488595
"RSQLite","PROM",1,191,31.8864774624374,0.133805974331671
"RSQLite","LANG",0,16888,84.1664590082233,11.8309701283416
"RSQLite","LANG",1,3177,15.8335409917767,2.2256627248781
"RSQLite","LGL",0,2811,17.4314771176981,1.96925965364569
"RSQLite","LGL",1,13315,82.5685228823019,9.32788768704814
"RSQLite","INT",0,1,0.0998003992015968,0.000700554839432831
"RSQLite","INT",1,1001,99.9001996007984,0.701255394272264
"RSQLite","REAL",0,0,0,0
"RSQLite","REAL",1,511,100,0.357983522950177
"RSQLite","STR",0,1312,6.10346110904354,0.919127949335874
"RSQLite","STR",1,20184,93.8965388909565,14.1399988791123
"RSQLite","VEC",0,134,82.7160493827161,0.0938743484839993
"RSQLite","VEC",1,28,17.2839506172839,0.0196155355041193
"RSQLite","BCODE",0,6138,5.74611495974537,4.30000560443872
"RSQLite","BCODE",1,100682,94.2538850402546,70.5332623437763
"SparseM","NIL",0,57,7.85123966942149,0.0761258614242214
"SparseM","NIL",1,669,92.1487603305785,0.89347721566323
"SparseM","SYM",0,2045,72.2614840989399,2.7311822212725
"SparseM","SYM",1,785,27.7385159010601,1.04840002136866
"SparseM","CLOS",0,0,0,0
"SparseM","CLOS",1,165,100,0.220364335701693
"SparseM","ENV",0,0,0,0
"SparseM","ENV",1,71,100,0.094823441423153
"SparseM","PROM",0,561,66.5480427046263,0.749238741385758
"SparseM","PROM",1,282,33.4519572953737,0.376622682835622
"SparseM","LANG",0,5716,78.5380599065677,7.63395480527806
"SparseM","LANG",1,1562,21.4619400934323,2.08611571130936
"SparseM","LGL",0,1406,22.4528904503354,1.87777124846413
"SparseM","LGL",1,4856,77.5471095496646,6.48538917677226
"SparseM","INT",0,0,0,0
"SparseM","INT",1,505,100,0.674448421390031
"SparseM","REAL",0,34,9.49720670391062,0.0454084085688338
"SparseM","REAL",1,324,90.5027932960894,0.432715422832416
"SparseM","STR",0,1852,10.6022441035035,2.47342272557295
"SparseM","STR",1,15616,89.3977558964964,20.8558149473797
"SparseM","VEC",0,48,53.3333333333333,0.0641059885677654
"SparseM","VEC",1,42,46.6666666666667,0.0560927399967947
"SparseM","BCODE",0,2226,4.26240808823529,2.97291521983012
"SparseM","BCODE",1,49998,95.7375919117647,66.7744003418986
"SparseM","S4",0,5,100,0.00667770714247556
"SparseM","S4",1,0,0,0
"sp","NIL",0,16607,18.2216175292685,0.488831954485969
"sp","NIL",1,74532,81.7783824707315,2.19387145370917
"sp","SYM",0,68602,51.6266433876927,2.01932015063807
"sp","SYM",1,64279,48.3733566123073,1.89207136764037
"sp","CLOS",0,0,0,0
"sp","CLOS",1,9210,100,0.271099072729317
"sp","ENV",0,0,0,0
"sp","ENV",1,9000,100,0.264917660647541
"sp","PROM",0,8325,28.0491913746631,0.245048836098976
"sp","PROM",1,21355,71.9508086253369,0.62859073812536
"sp","LANG",0,247936,43.9218131636474,7.29806945670097
"sp","LANG",1,316558,56.0781868363526,9.31797831325159
"sp","LGL",0,147917,24.8082154561403,4.35398062333359
"sp","LGL",1,448325,75.1917845438597,13.196578912201
"sp","INT",0,13812,10.1111997715976,0.406560303207093
"sp","INT",1,122789,89.8888002284024,3.61433051480566
"sp","REAL",0,5138,5.16262572470685,0.151238548934119
"sp","REAL",1,94385,94.8373742752931,2.77825037780202
"sp","STR",0,59484,25.3851471881055,1.75092912510648
"sp","STR",1,174842,74.6148528118945,5.14652595810415
"sp","VEC",0,12460,91.8879056047198,0.366763783518707
"sp","VEC",1,1100,8.11209439528024,0.032378825190255
"sp","BCODE",0,101570,4.69694594465863,2.98974297688564
"sp","BCODE",1,2060899,95.3030540553414,60.6631713234285
"sp","S4",0,37,88.0952380952381,0.00108910593821767
"sp","S4",1,5,11.9047619047619,0.000147176478137523
"stringr","NIL",0,9,9.89010989010989,0.106888361045131
"stringr","NIL",1,82,90.1098901098901,0.973871733966746
"stringr","SYM",0,68,39.5348837209302,0.807600950118765
"stringr","SYM",1,104,60.4651162790698,1.23515439429929
"stringr","PROM",0,0,0,0
"stringr","PROM",1,21,100,0.249406175771971
"stringr","LANG",0,677,80.6912991656734,8.04038004750594
"stringr","LANG",1,162,19.3087008343266,1.92399049881235
"stringr","LGL",0,104,17.3333333333333,1.23515439429929
"stringr","LGL",1,496,82.6666666666667,5.89073634204276
"stringr","INT",0,3,4.61538461538461,0.0356294536817102
"stringr","INT",1,62,95.3846153846154,0.736342042755344
"stringr","REAL",0,2,3.77358490566038,0.0237529691211401
"stringr","REAL",1,51,96.2264150943396,0.605700712589074
"stringr","STR",0,120,6.55737704918033,1.42517814726841
"stringr","STR",1,1710,93.4426229508197,20.3087885985748
"stringr","VEC",0,4,80,0.0475059382422803
"stringr","VEC",1,1,20,0.0118764845605701
"stringr","BCODE",0,87,1.4958734525447,1.0332541567696
"stringr","BCODE",1,5729,98.5041265474553,68.0403800475059
"tibble","NIL",0,446,12.7501429388222,0.777247220382698
"tibble","NIL",1,3052,87.2498570611778,5.31874106862779
"tibble","SYM",0,185,27.6532137518685,0.322400752849326
"tibble","SYM",1,484,72.3467862481315,0.843470077724722
"tibble","PROM",0,356,60.7508532423208,0.620403610888432
"tibble","PROM",1,230,39.2491467576792,0.400822557596459
"tibble","LANG",0,881,16.1473607038123,1.53532466627165
"tibble","LANG",1,4575,83.8526392961877,7.97288348262521
"tibble","LGL",0,764,22.7516378796903,1.33142797392911
"tibble","LGL",1,2594,77.2483621203097,4.52058136697919
"tibble","INT",0,31,1.71365395245992,0.054023909936914
"tibble","INT",1,1778,98.2863460475401,3.09853264089784
"tibble","REAL",0,6,0.381194409148666,0.0104562406329511
"tibble","REAL",1,1568,99.6188055908513,2.73256421874455
"tibble","STR",0,248,4.43411407116038,0.432191279495312
"tibble","STR",1,5345,95.5658859288396,9.31476769718727
"tibble","VEC",0,75,83.3333333333333,0.130703007911889
"tibble","VEC",1,15,16.6666666666667,0.0261406015823777
"tibble","BCODE",0,1859,4.69468154957321,3.23969188944268
"tibble","BCODE",1,37739,95.3053184504268,65.7680108744903
"tidyr","NIL",0,8,9.87654320987654,0.146681334800147
"tidyr","NIL",1,73,90.1234567901235,1.33846718005134
"tidyr","SYM",0,40,32.258064516129,0.733406674000733
"tidyr","SYM",1,84,67.741935483871,1.54015401540154
"tidyr","PROM",0,2,9.52380952380952,0.0366703337000367
"tidyr","PROM",1,19,90.4761904761905,0.348368170150348
"tidyr","LANG",0,569,85.6927710843374,10.4327099376604
"tidyr","LANG",1,95,14.3072289156626,1.74184085075174
"tidyr","LGL",0,58,15.2230971128609,1.06343967730106
"tidyr","LGL",1,323,84.7769028871391,5.92225889255592
"tidyr","INT",0,0,0,0
"tidyr","INT",1,31,100,0.568390172350568
"tidyr","REAL",0,1,4.54545454545455,0.0183351668500183
"tidyr","REAL",1,21,95.4545454545455,0.385038503850385
"tidyr","STR",0,34,2.94882914137034,0.623395672900623
"tidyr","STR",1,1119,97.0511708586297,20.5170517051705
"tidyr","VEC",0,4,80,0.0733406674000733
"tidyr","VEC",1,1,20,0.0183351668500183
"tidyr","BCODE",0,81,2.14968152866242,1.48514851485149
"tidyr","BCODE",1,3687,97.8503184713376,67.6017601760176
"viridis","NIL",0,541,4.05729713514324,0.0434255624854512
"viridis","NIL",1,12793,95.9427028648568,1.02688210882879
"viridis","SYM",0,12182,71.8363014506428,0.97783771201066
"viridis","SYM",1,4776,28.1636985493572,0.383365039612782
"viridis","CLOS",0,0,0,0
"viridis","CLOS",1,610,100,0.0489641277562389
"viridis","ENV",0,1,0.699300699300699,8.02690618954736e-05
"viridis","ENV",1,142,99.3006993006993,0.0113982067891573
"viridis","PROM",0,2530,43.2035519125683,0.203080726595548
"viridis","PROM",1,3326,56.7964480874317,0.266974899864345
"viridis","LANG",0,81390,50.3056412284985,6.5330989476726
"viridis","LANG",1,80401,49.6943587715015,6.45371284545798
"viridis","LGL",0,16047,19.6881211199176,1.28807763623667
"viridis","LGL",1,65459,80.3118788800824,5.25433252261581
"viridis","INT",0,43,0.184138403562864,0.00345156966150537
"viridis","INT",1,23309,99.8158615964371,1.87099156372159
"viridis","REAL",0,277,1.870989530564,0.0222345301450462
"viridis","REAL",1,14528,98.129010469436,1.16614893121744
"viridis","STR",0,8930,4.10595478392011,0.71680272272658
"viridis","STR",1,208559,95.8940452160799,16.7408352798581
"viridis","VEC",0,529,83.7025316455696,0.0424623337427055
"viridis","VEC",1,103,16.2974683544304,0.00826771337523378
"viridis","BCODE",0,42658,4.87820497426415,3.42411764233711
"viridis","BCODE",1,831803,95.1217950257358,66.7680464918406
"xml2","NIL",0,55,14.945652173913,0.312713213554696
"xml2","NIL",1,313,85.054347826087,1.77962246986582
"xml2","SYM",0,313,66.1733615221987,1.77962246986582
"xml2","SYM",1,160,33.8266384778013,0.909711166704571
"xml2","PROM",0,30,39.4736842105263,0.170570843757107
"xml2","PROM",1,46,60.5263157894737,0.261541960427564
"xml2","LANG",0,1492,74.1182314952807,8.48305662952013
"xml2","LANG",1,521,25.8817685047193,2.96224698658176
"xml2","LGL",0,284,14.7150259067358,1.61473732090061
"xml2","LGL",1,1646,85.2849740932643,9.35865362747328
"xml2","INT",0,2,1.50375939849624,0.0113713895838071
"xml2","INT",1,131,98.4962406015038,0.744826017739368
"xml2","REAL",0,12,10,0.0682283375028429
"xml2","REAL",1,108,90,0.614055037525586
"xml2","STR",0,348,10.8818011257036,1.97862178758244
"xml2","STR",1,2850,89.1181988742964,16.2042301569252
"xml2","VEC",0,60,88.2352941176471,0.341141687514214
"xml2","VEC",1,8,11.7647058823529,0.0454855583352286
"xml2","BCODE",0,322,2.65545109681676,1.83079372299295
"xml2","BCODE",1,11804,97.3445489031832,67.1139413236297
"xtable","NIL",0,4943,14.7025580011898,0.199621756550303
"xtable","NIL",1,28677,85.2974419988102,1.15811311199536
"xtable","SYM",0,86999,76.7417038618281,3.51343176170743
"xtable","SYM",1,26367,23.2582961381719,1.06482436879665
"xtable","CLOS",0,0,0,0
"xtable","CLOS",1,3410,100,0.137711954245708
"xtable","ENV",0,0,0,0
"xtable","ENV",1,3752,100,0.151523534407594
"xtable","PROM",0,10207,58.1927023945268,0.412207013778869
"xtable","PROM",1,7333,41.8072976054732,0.296141278734245
"xtable","LANG",0,291156,74.0487544348224,11.7582585778192
"xtable","LANG",1,102039,25.9512455651776,4.12081821093191
"xtable","LGL",0,59396,19.2933732219829,2.39869185758888
"xtable","LGL",1,248461,80.7066267780171,10.0340322181357
"xtable","INT",0,2922,10.7339651752259,0.118004202435765
"xtable","INT",1,24300,89.2660348247741,0.981349116765603
"xtable","REAL",0,826,3.89402225155572,0.0333577930225674
"xtable","REAL",1,20386,96.1059777484443,0.823283254912904
"xtable","STR",0,60615,16.349953470808,2.44792085237642
"xtable","STR",1,310120,83.650046529192,12.5241147362695
"xtable","VEC",0,8045,91.5036396724295,0.324895211702851
"xtable","VEC",1,747,8.49636032757052,0.0301673987746463
"xtable","BCODE",0,105872,5.86075070663143,4.27561290906205
"xtable","BCODE",1,1700586,94.1392492933686,68.6777188923436
"xtable","S4",0,314,99.6825396825397,0.0126808075170535
"xtable","S4",1,1,0.317460317460317,4.03847373154569e-05
"xts","NIL",0,180,9.92829564258136,0.24896265560166
"xts","NIL",1,1633,90.0717043574186,2.25864453665284
"xts","SYM",0,2461,90.7783105864994,3.40387275242047
"xts","SYM",1,250,9.22168941350055,0.345781466113416
"xts","PROM",0,424,67.4085850556439,0.586445366528354
"xts","PROM",1,205,32.5914149443561,0.283540802213001
"xts","LANG",0,4716,57.2955898432754,6.52282157676349
"xts","LANG",1,3515,42.7044101567246,4.86168741355463
"xts","LGL",0,794,10.7051368477821,1.09820193637621
"xts","LGL",1,6623,89.2948631522179,9.16044260027662
"xts","INT",0,199,25.4150702426564,0.275242047026279
"xts","INT",1,584,74.5849297573435,0.807745504840941
"xts","REAL",0,474,30.5019305019305,0.655601659751037
"xts","REAL",1,1080,69.4980694980695,1.49377593360996
"xts","STR",0,2522,19.5155923547164,3.48824343015214
"xts","STR",1,10401,80.4844076452836,14.3858921161826
"xts","VEC",0,157,80.1020408163265,0.217150760719225
"xts","VEC",1,39,19.8979591836735,0.0539419087136929
"xts","BCODE",0,1309,2.65641171337541,1.81051175656985
"xts","BCODE",1,47968,97.3435882866246,66.3457814661134
"zoo","NIL",0,2530,25.7323026851098,0.426406171260224
"zoo","NIL",1,7302,74.2676973148902,1.23067899705224
"zoo","SYM",0,11624,66.5369204350315,1.95910882795606
"zoo","SYM",1,5846,33.4630795649685,0.985284773591806
"zoo","CLOS",0,0,0,0
"zoo","CLOS",1,840,100,0.14157359045794
"zoo","ENV",0,0,0,0
"zoo","ENV",1,454,100,0.0765171548427438
"zoo","PROM",0,3034,67.7685950413223,0.511350325534988
"zoo","PROM",1,1443,32.2314049586777,0.243203203608104
"zoo","LANG",0,59704,73.1442572741195,10.0625114817867
"zoo","LANG",1,21921,26.8557427258805,3.69456509098631
"zoo","LGL",0,18022,22.6370065190358,3.03742767527737
"zoo","LGL",1,61591,77.3629934809642,10.3805464403512
"zoo","INT",0,502,7.44255003706449,0.0846070742974832
"zoo","INT",1,6243,92.5574499629355,1.05219514908205
"zoo","REAL",0,3854,39.3345580730761,0.64955311622012
"zoo","REAL",1,5944,60.6654419269239,1.00180169247857
"zoo","STR",0,7863,10.0353528263117,1.3252299306795
"zoo","STR",1,70490,89.9646471736883,11.8803837992621
"zoo","VEC",0,1236,92.0327624720774,0.20831542595954
"zoo","VEC",1,107,7.96723752792256,0.0180337787845233
"zoo","BCODE",0,23157,5.3320653838272,3.90288051694585
"zoo","BCODE",1,411140,94.6679346161728,69.293530929616
"zoo","S4",0,42,89.3617021276596,0.007078679522897
"zoo","S4",1,5,10.6382978723404,0.000842699943202024
